name,scheme
EXIMOTORS.A.,eTenders
Î.C.S.CBS MOTORSS.R.L.,eTenders
NEOMATRIXS.R.L.,eTenders
S.C.XPERT PCS.R.L.,eTenders
SERVALUXS.R.L.,eTenders
AUTO TYRESS.R.L.,eTenders
MAXIMUM AUTOS.R.L.,eTenders
FRANZELUŢAS.A.,eTenders
NINA & ASN S.R.L.,eTenders
ARTPREST GRUPS.R.L.,eTenders
Amager SRL,eTenders
COLPRODCOOP DIN OR.ORHEI A MOLDCOOP,eTenders
S.C.VADORMETS.R.L.,eTenders
S.C.SANEX-COMERŢS.R.L.,eTenders
NIBOL BRIO S.R.L.,eTenders
DELMIX-PRIM S.R.L.,eTenders
SRL Victorinex,eTenders
DRAGOMAN-COM S.R.L.,eTenders
SERVIABIL S.R.L.,eTenders
S.C.DIDAC-COMS.R.L.,eTenders
DITA ESTFARMS.R.L.,eTenders
ORIONS.R.L.,eTenders
S.C.PRIMLINIAS.R.L.,eTenders
LIMANI-GRUPS.R.L.,eTenders
APEXPROS.R.L.,eTenders
INTERMED S.R.L.,eTenders
ERICON S.R.L.,eTenders
DECEBAL-IMPEX S.R.L.,eTenders
S.C. MIDAND MED & CO S.R.L.,eTenders
Î.M. GBG-MLD S.R.L.,eTenders
Î.C.S.LUKOIL-MOLDOVAS.R.L.,eTenders
DAAC-AUTOS.R.L.,eTenders
S.C.IMUNOTEHNOMEDS.R.L.,eTenders
DECEBAL-IMPEXS.R.L.,eTenders
Î.C.S.PETROM-MOLDOVAS.A.,eTenders
Î.S.Servicii Pazăa MAI,eTenders
VETUGA-ZEMIFS.R.L.,eTenders
S.C. DENOLGA MEDICAL S.R.L.,eTenders
DIVABONAS.R.L.,eTenders
I.M.BECORS.R.L.,eTenders
Î.M.GBG-MLDS.R.L.,eTenders
Î.M.KABION-MEDICALS.R.L.,eTenders
Î.M.VINAMEXS.R.L.,eTenders
Î.C.S. LUKOIL-MOLDOVA S.R.L.,eTenders
"CENTRUL REPUBLICAN EXPERIMENTAL PROTEZARE, ORTOPEDIE ŞI REABILITAREÎ.S.",eTenders
SRLSTAŢIUNEA BALNEOCLIMATERICĂ CODRU,eTenders
TRIVIMOLS.R.L.,eTenders
CAEUROASIG GRUPS.A.,eTenders
ACORD GRUPS.A.,eTenders
C.A.ASTERRA GRUPS.A.,eTenders
NINA & ASNS.R.L.,eTenders
INTECO MEDIA GRUPS.R.L.,eTenders
AVANTMOTOR-COMS.R.L.,eTenders
LADYS.R.L.,eTenders
LANGERAS.R.L.,eTenders
INCERCOM О.S.,eTenders
S.C.MELITAX-GRUPS.R.L.,eTenders
RADUS.R.L.,eTenders
LANITRONS.R.L.,eTenders
BTS PROS.R.L.,eTenders
F.C.P.C.DATACONTROLS.R.L.,eTenders
Î.M.DUTCHMED-MS.R.L.,eTenders
SAGITOD - GRUPS.R.L.,eTenders
AV-MACROCOMS.R.L.,eTenders
EXIMOTOR S.A.,eTenders
S.C. RUMEON S.R.L.,eTenders
Î.I.NOVIŢCHII SERGHEI,eTenders
Î.C.S.S & T MOLDS.R.L.,eTenders
Î.M.VIVAMED INTERNATIONALS.R.L.,eTenders
AUTOSHOCK SVS.R.L.,eTenders
Î.C.I.S. DELOITTE & TOUCHE S.R.L.,eTenders
Î.C.S. BAKER TILLY KLITOU AND PARTNERS S.R.L.,eTenders
S.R.L.EUROSTIL CONSTRUCT,eTenders
MAGDAS.R.L.,eTenders
S.C.TEHNO CONSULTING & DESIGNS.R.L.,eTenders
POŞETĂ DE LUX S.R.L.,eTenders
JUSTAR S.R.L.,eTenders
RADU S.R.L.,eTenders
UNIVERSINJ S.R.L.,eTenders
S.C. PRIMLINIA S.R.L.,eTenders
MAGDA S.R.L.,eTenders
S.C. ALNACOM - LUX S.R.L.,eTenders
CEREMPEI  MARINA О.I.,eTenders
II Novitchii Serghei,eTenders
Î.M. TIREX PETROL S.A.,eTenders
Î.C.S. BEMOL RETAIL S.R.L.,eTenders
S.C. SANEX-COMERŢ S.R.L.,eTenders
INTERVETCOM S.R.L.,eTenders
AUGUR-PERLA S.A.,eTenders
Serviabil SRL ,eTenders
TELEMAR S.R.L.,eTenders
S.C. ARMICOM S.R.L.,eTenders
GEMENII-SÎRBU О.I.,eTenders
Serviabil,eTenders
URBANPROIECT О.S.,eTenders
BIOMEDICAL S.R.L.,eTenders
ECOCHIMIE S.R.L.,eTenders
S.C. IMUNOTEHNOMED S.R.L.,eTenders
F.P.C. F.P.C. OMEGA S.R.L.,eTenders
Î.M. ISEPS-FARMA S.R.L.,eTenders
INTEXNAUCA S.A.,eTenders
NEOMATRIX S.R.L.,eTenders
F.P.C. APROSERVICE-X S.R.L.,eTenders
Î.I. SNEJANA CEBOTARI,eTenders
FRANZELUŢA S.A.,eTenders
ÎNTREPRINDEREA DE DESERVIRE TEHNICA DIN BARDAR S.A.,eTenders
S.R.L. PASCOLINA,eTenders
TINA S.R.L.,eTenders
S.R.L. ADOR MOBILA,eTenders
DAC-SPECTROMED S.R.L.,eTenders
DIVABONA S.R.L.,eTenders
CREDOPRIM S.R.L.,eTenders
SECONGLAS S.R.L.,eTenders
STEVIPROD S.R.L.,eTenders
FABRICA DE UNT DIN FLOREŞTI S.A.,eTenders
POŞTA MOLDOVEI О.S.,eTenders
MOLDPRESA S.A.,eTenders
DELEU-DELEV О.I.,eTenders
ALMIRA S.R.L.,eTenders
UNISIM-SOFT S.R.L.,eTenders
Reprezentanţa din Moldova a Companiei FRESENIUS MEDICAL CARE DEUTSCHLAND GMBH,eTenders
F.P.C. SOGNO S.R.L.,eTenders
CARTUŞ О.S.,eTenders
TETIS INTERNATIONAL CO S.R.L.,eTenders
SANFARM-PRIM S.A.,eTenders
Î.C.S. SPICA VZI S.R.L.,eTenders
F.C.P.C. DATACONTROL S.R.L.,eTenders
S.C. CARTNORD S.R.L.,eTenders
RĂDOP-OPT S.R.L.,eTenders
LIDUMION-CONSTRUCT S.R.L.,eTenders
LIFTSERVICE О.M.,eTenders
Î.C.S. PETROM-MOLDOVA S.A.,eTenders
ALGU CONSTRUCT S.R.L.,eTenders
GVP  MOLDOVA S.R.L.,eTenders
STANDELEV S.R.L.,eTenders
VICCON S.A.,eTenders
NICOST-EXIM S.R.L.,eTenders
VINESTOP S.R.L.,eTenders
S.P.B. CONSTRUCTORUL О.S.,eTenders
CONTABILITATEA CENTRALIZATĂ,eTenders
GRANCOMPOL S.R.L.,eTenders
EDERA TRIO S.R.L.,eTenders
NEOTEC S.R.L.,eTenders
Î.M. VIVAMED INTERNATIONAL S.R.L.,eTenders
STAŢIUNEA BUCURIA-SIND S.R.L.,eTenders
UNIVERSCONS S.R.L.,eTenders
MAXLINIE-COMP S.R.L.,eTenders
MITRA-GRUP S.A.,eTenders
Î.C.S. SANPRODMED S.R.L.,eTenders
Î.M. RIHPANGALFARMA S.R.L.,eTenders
DEZMED-CV S.R.L.,eTenders
COMBINATUL POLIGRAFIC DIN CHIŞINĂU О.S.,eTenders
AV-MACROCOM S.R.L.,eTenders
S.R.L TIGRII DE VEGHE,eTenders
O.P. A.P.S.P.- GRUP S.R.L.,eTenders
S.R.L. DISTRIMED,eTenders
Î.M. MOLDCELL S.A.,eTenders
Casa Invest,eTenders
M-INTER-FARMA S.A.,eTenders
Î.C.S. LAPMOL S.R.L.,eTenders
HENDRIX  BAIL S.R.L.,eTenders
S.C IMCOMVIL GRUP S.R.L,eTenders
BORDEA DIANA GRIGORII,eTenders
DIDILICĂ VIORICA PETRU,eTenders
RINCOM -GRUP S.R.L.,eTenders
S.C. RODITAL- LUX S.R.L.,eTenders
DENIADI S.R.L.,eTenders
POLICONTRACT S.R.L.,eTenders
ONEGA-M S.R.L.,eTenders
GALCHIM & CO S.R.L.,eTenders
TECHNO-TEST S.R.L.,eTenders
DVD-TRANS S.R.L.,eTenders
MEGAINSTAL S.R.L.,eTenders
AIR MOLDOVA О.S.,eTenders
AERO PREMIER TUR S.R.L.,eTenders
INTRALEX C & C S.R.L.,eTenders
CIOBAN INA О.I.,eTenders
LINGVISTICA S.R.L.,eTenders
BTS PRO S.R.L.,eTenders
O.P. ROZGO GRUP S.R.L.,eTenders
C.A. ASTERRA GRUP S.A.,eTenders
PROFI-STIL S.R.L.,eTenders
S.C. PARTENIA-SERVICE S.R.L.,eTenders
AMAGER-COM S.R.L.,eTenders
ARTPREST GRUP S.R.L.,eTenders
Serviabil S.R.L.,eTenders
Î.I. MADAN ANA,eTenders
PRECITEST-COM S.R.L.,eTenders
ECHIPAMED-PLUS S.R.L.,eTenders
BAŞTINA-RADOG S.R.L.,eTenders
GIBEONA-PLUS SRL,eTenders
MEDIA-SECURITY S.R.L.,eTenders
DEZFARMTEH S.R.L.,eTenders
TIPOGRAFIA-SIRIUS S.R.L.,eTenders
TIPOGRAFIA ACADEMIEI DE ŞTIINŢE A MOLDOVEI О.S.,eTenders
S.R.L. LUKOIL-Moldova,eTenders
INSTITUŢIA PRIVATĂ CENTRUL PENTRU JURNALISM INDEPENDENT,eTenders
DAAC-AUTO S.R.L.,eTenders
S.C. DETIVA -  CONS S.R.L.,eTenders
S.R.L. VERMILION,eTenders
BICOMPLEX-CONSTRUCT S.R.L.,eTenders
AP SISTEM S.R.L.,eTenders
RESACONS-STR S.R.L.,eTenders
S.C. SENVEROL S.R.L.,eTenders
F.P.C. AVOLVODA S.R.L.,eTenders
RULTEHCOM S.R.L.,eTenders
"Centrul Internațional pentru Protecția și Promovarea Drepturilor Femeii ""La Strada""",eTenders
RUSNAC ANDREI PAVEL,eTenders
SERVICIUL ASISTENŢĂ BENEFICIARI LA OBIECTELE SOCIALE О.S.,eTenders
SERVICIUL ASISTENŢĂ BENEFICIARI LA OBIECTELE SOCIALE Î.S.,eTenders
S.C. EUSEVAS CONS S.R.L.,eTenders
CONSAR-PRIM S.R.L.,eTenders
GRAFIC  DESIGN S.R.L.,eTenders
GITISI S.R.L.,eTenders
DITA ESTFARM S.R.L.,eTenders
FPC ESCULAP-FARM S.R.L.,eTenders
EXDRUPO Î.M.,eTenders
GOSPODĂRIA LOCATIV-COMUNALĂ IALOVENI О.M.,eTenders
S.C. NEPACONPLAST S.R.L.,eTenders
GARANT PREST S.R.L.,eTenders
AUTOPROGRESIV-SERVICE S.R.L.,eTenders
LANGERA S.R.L.,eTenders
AUTO TYRES S.R.L.,eTenders
TEHNOMEDICA S.R.L.,eTenders
Î.M.R.E.I. LUMTEH,eTenders
S.C. ACAR-CONSTRUCT S.R.L.,eTenders
VisPas şi Co S.R.L.,eTenders
PISICĂ TUDOR GHEORGHE,eTenders
CASIAN IGOR GALACTION,eTenders
SINENCO ELENA SERGIU,eTenders
CEBANU GRIGORII GHEORGHII,eTenders
ICAM S.A.,eTenders
BELMOND-PRINT S.R.L.,eTenders
S.C. NOUCONST S.R.L.,eTenders
BIROVITS S.R.L.,eTenders
S.C. IMVOCOM-PRIM S.R.L.,eTenders
Î.C.S. DELTA M.C.M. 93 S.R.L.,eTenders
GLOBAL SERVICE SRL,eTenders
S.C. XPERT PC S.R.L.,eTenders
RUDITIM S.R.L.,eTenders
SERVICIUL DE STAT PENTRU VERIFICAREA ŞI EXPERTIZAREA PROIECTELOR ŞI CONSTRUCŢIILOR Î.S.,eTenders
S.R.L. TRIDIMENSIONAL TEC,eTenders
BELSTIL-MOBILA S.R.L.,eTenders
LIMANI-GRUP S.R.L.,eTenders
VIMPEX-SV S.R.L.,eTenders
EUROGALEX PRIM S.R.L.,eTenders
BANTCARAD S.R.L.,eTenders
DAAC-AUTOSPORT S.R.L.,eTenders
SIREXTON S.R.L.,eTenders
S.C. DISTRIBUITOR PRIM S.R.L.,eTenders
S.R.L. ACUSTMED,eTenders
MIACOM S.R.L.,eTenders
UNIVERSCOM S.A.,eTenders
S.C. IUVAS S.R.L.,eTenders
Î.S. CENTRUL DE PREGĂTIRE A SPECIALIŞTILOR PENTRU ARMATA NAŢIONALĂ,eTenders
BUCURIA-EL Î.S.,eTenders
PREMIUM-PROD S.R.L.,eTenders
Î.M. TATRA-BIS S.R.L.,eTenders
SOLEI-TURISM S.R.L.,eTenders
S.C. NICOL FLORA S.R.L.,eTenders
SANGRIDIV S.R.L.,eTenders
EDILITATE S.A.,eTenders
DRUMURI-CRIULENI S.A.,eTenders
DRUMURI IALOVENI S.A.,eTenders
VIORICA-COSMETIC S.A.,eTenders
Î.M. AMMO S.R.L.,eTenders
ITALTEH S.R.L.,eTenders
S.R.L. INTERAGRO CONSCOM,eTenders
S.R.L. PALDIM SD,eTenders
S.C. FORSBETA S.R.L.,eTenders
TEHNICA S.R.L.,eTenders
ACIT-TRANS S.R.L.,eTenders
S.C LIDER - COMPLET S.R.L,eTenders
S.C. CLIMATEC S.R.L.,eTenders
ONE TELECOM S.R.L.,eTenders
CLIMATSISTEM S.R.L.,eTenders
LENSES GRUP S.R.L.,eTenders
GOLIAT-VITA S.R.L.,eTenders
ZILANT S.A.,eTenders
ŞARM S.A.,eTenders
F.P.C. ARSEC S.R.L.,eTenders
Î.S. RUSSCA,eTenders
S.C. AQUA LIDER S.R.L.,eTenders
S.C. PODURI PRIM S.R.L.,eTenders
SC „TANCRAD” SRL,eTenders
Î.M. XAMINAR S.R.L.,eTenders
MAESTRO CONSTRUCT S.R.L.,eTenders
ALGALIA S.R.L.,eTenders
INSTITUTUL DE PROIECTĂRI DE STAT IPROCOM,eTenders
BANCA DE ECONOMII S.A.,eTenders
MOLDSERCON S.R.L.,eTenders
REMCOR-RAPID S.R.L.,eTenders
AO „ECOCONTACT”,eTenders
F.P.C. SANRADO S.R.L.,eTenders
S.C. POSTMODERN S.R.L.,eTenders
S.R.L. LEVPROCONS S.R.L.,eTenders
VICTIANA S.R.L.,eTenders
BUSELI-M S.R.L.,eTenders
AURORA-STROI S.R.L.,eTenders
P.P. OFICIU-SERVICE S.R.L.,eTenders
Î.C.S. PERFECT INTERNATIONAL S.R.L.,eTenders
"S.R.L.,,Tecnic Consulting Engineering,,",eTenders
Casa de Comerţ VITA S.R.L.,eTenders
PANIFCOOP a URECOOP din Străşeni,eTenders
TECTERM S.R.L.,eTenders
P.P. ODORAŞUL S.R.L.,eTenders
ENELCONSTRUCT S.R.L.,eTenders
GABRINA-PRIM S.R.L.,eTenders
PERLUVAL S.R.L.,eTenders
TIPOGRAFIA CENTRALĂ О.S.,eTenders
S.C. ELINATCONS S.R.L.,eTenders
S.C. DARCONSTRUCT MRVD S.R.L.,eTenders
REC S.R.L.,eTenders
VADINA S.R.L.,eTenders
BEAX COM S.R.L.,eTenders
Î.S. INSTITUŢIA OSC-29/6,eTenders
S.C. LEMN COMERŢ S.R.L.,eTenders
S.C. SUPRACOLOR SRL,eTenders
S.C. CONSTRUCTGAZ S.R.L.,eTenders
S.C. NELEDIMPEX S.R.L.,eTenders
PANELECTRO S.R.L.,eTenders
TEHELECTRO-SV S.R.L.,eTenders
LUMGRUPMAŞ SRL,eTenders
Î.M. NATUSANA S.R.L.,eTenders
S.C. MEDEC-SERVICE S.R.L.,eTenders
ENDO-CHIRURGIE S.R.L.,eTenders
INFOSOFTEH S.R.L.,eTenders
VILA VERDE S.R.L.,eTenders
TRANSMED IMPORT S.R.L.,eTenders
DIARSE-TEHNIC S.R.L.,eTenders
PASECINIK Î.I.,eTenders
Cantina LICEIST О.S.,eTenders
S.C. ALUSAR-PLAST S.R.L.,eTenders
S.C. Gadagroup Romania S.R.L.,eTenders
OLIMPUS-85 S.R.L.,eTenders
INOVATEC S.R.L.,eTenders
MELN-GRUP S.R.L.,eTenders
S.A. MAGISTRALA,eTenders
S.A. DRUMURI - CĂUŞENI,eTenders
S.R.L. DUXPRIM SERVICE,eTenders
Continent S.R.L.,eTenders
PIAŢA CENTRALĂ Î.M.,eTenders
URBANPROIECT Î.S.,eTenders
FERARU-S S.A.,eTenders
PIAŢA CENTRALĂ О.M.,eTenders
LABROMED LABORATOR S.R.L.,eTenders
Ecochimie S.R.L.,eTenders
TEHOPTIMED S.A.,eTenders
Î.C.S. UNITED ELECTRIC INDUSTRY S.R.L.,eTenders
CIA ASITO S.A.,eTenders
S.C. RAPID LINK S.R.L.,eTenders
SAGITOD - GRUP S.R.L.,eTenders
VAD S.R.L.,eTenders
S.C. DAAC SYSTEM INTEGRATOR S.R.L.,eTenders
S.C. DAXEN-COM S.R.L.,eTenders
S.A. DRUMURI-EDINEŢ,eTenders
DRUMURI-BĂLŢI S.A.,eTenders
MAGISTRALA-NORD S.R.L.,eTenders
ADRIAN-PLUS S.R.L.,eTenders
STAR TEHNO ENGINEERING S.R.L.,eTenders
S.P.A.R.C.O.-PRIM SRL,eTenders
BRAGA & COMPANY S.R.L.,eTenders
HOTEL DACIA S.R.L.,eTenders
ARTMET S.A.,eTenders
S.R.L. AUTORCOM GRUP,eTenders
S.C. ROSSOFT S.R.L,eTenders
ZÎMBET S.R.L.,eTenders
INFO-TRUST CONSULTING S.R.L.,eTenders
DIGHIVA S.R.L.,eTenders
ADOLESCENŢA Î.S.,eTenders
DAAC HERMES S.A.,eTenders
REMAUTO GRUP S.R.L.,eTenders
CAMPINGUL DIN VADUL LUI VODĂ S.R.L.,eTenders
LUSMECON S.A.,eTenders
RUTADOR S.R.L.,eTenders
S.C. KRAFTSAC S.R.L.,eTenders
VEC S.R.L.,eTenders
CAMONIR S.R.L.,eTenders
Cantina LICEIST Î.S.,eTenders
IMPRESO-PRINT S.R.L.,eTenders
NIROM-ROZ S.R.L.,eTenders
S.C. DROMAS-CONS S.R.L.,eTenders
POLIMER GAZ CONSTRUCŢII S.R.L.,eTenders
MARIN-NAVAL-GRUP S.R.L,eTenders
S.R.L. SANMEDICO,eTenders
HUMANLAB S.R.L.,eTenders
S.C. ART BUSINESS CLUB S.R.L.,eTenders
S.C. VASTAVIT S.R.L.,eTenders
Firma VESTA S.R.L.,eTenders
S.C. TVARITA-TRANSGAZ S.R.L.,eTenders
S.C. IRINDA PRIM S.R.L.,eTenders
F.P.C. MGM S.R.L.,eTenders
S.C. DINA-COCIUG S.R.L.,eTenders
DANUBIUS S.R.L.,eTenders
RUGIDAVA S.R.L.,eTenders
OAZA S.R.L.,eTenders
S.R.L. METROMPAŞ,eTenders
ACVILIN-GRUP S.R.L.,eTenders
S.C. ARTMOBILA S.R.L.,eTenders
GEOTER-COM S.R.L.,eTenders
F.P.C. CARNEX S.R.L.,eTenders
S.C. BRODEŢCHI S.R.L.,eTenders
S.C. SIJA-PRIM S.R.L.,eTenders
S.R.L. MOLPRIM-COM,eTenders
S.R.L. PROPRIETAR PLAST,eTenders
PROMTEHGAZ S.A.,eTenders
F.P.C. VALIS S.R.L.,eTenders
MOBIGRUP ANTURAJ S.R.L.,eTenders
INSTITUTUL DE PROIECTĂRI PENTRU ORGANIZAREA TERITORIULUI Î.S.,eTenders
BOLOCAN ION DIONISIE,eTenders
ZDERCIUC ION ALEXANDRU,eTenders
GRECU IOAN GHEORGHE,eTenders
DOICOV VALERIAN VASILI,eTenders
DAMIAN MIHAIL ION,eTenders
GHEORGAL-C S.R.L.,eTenders
COMPUTEX S.R.L.,eTenders
S.C. HARD-TEH S.R.L.,eTenders
UNDECIMA S.R.L.,eTenders
Î.M. LACO-ALFATEC S.R.L.,eTenders
GLORILUM-PRIM S.R.L.,eTenders
S.C. ACRAGLOB-CONS S.R.L.,eTenders
ATTRIBUTUM S.R.L.,eTenders
DASTIC MIHAI Î.I.,eTenders
ANDRONIX-DIN S.R.L.,eTenders
COMPANIA ELECTRICĂ S.A.,eTenders
Î.M. KABION-MEDICAL S.R.L.,eTenders
RESTMED S.R.L.,eTenders
MIC-TAN S.R.L.,eTenders
Î.C.S. CRISTINA MOLD-ROM SIMPEX S.R.L.,eTenders
S.C. PROGAMACONS S.R.L.,eTenders
IURITANA S.R.L.,eTenders
FERONIA COOP,eTenders
F.P.C. DEPO-TRIFARM S.R.L.,eTenders
STEJAUR S.A.,eTenders
Casa de Odihnă NISTRU S.R.L.,eTenders
CHIRPII ALEXANDRU FEODOR,eTenders
S.A. DRUMURI CAHUL,eTenders
S.A. DRUMURI-CIMIŞLIA,eTenders
DRUMURI-COMRAT S.A.,eTenders
I.M. BECOR S.R.L.,eTenders
VALDCONGRUP S.R.L.,eTenders
STINCOM SERVICE S.R.L.,eTenders
INFO-PRIM NEO S.R.L.,eTenders
S.C. ILMAVA S.R.L.,eTenders
CRIO S.A.,eTenders
SABRIS COM S.R.L.,eTenders
MONCOMTEX S.R.L.,eTenders
LISMEDFARM S.R.L.,eTenders
S.R.L. EUROLUMINA,eTenders
Î.M. ANCARO-S.V. S.R.L.,eTenders
S.C. MAVITEX-CONS S.R.L.,eTenders
LAUTRA-ANGRO S.R.L.,eTenders
GEMENII-SÎRBU Î.I.,eTenders
INFOSAFE S.R.L.,eTenders
COMBINATUL POLIGRAFIC DIN CHIŞINĂU Î.S.,eTenders
S.C. ELAN POLIGRAF S.R.L.,eTenders
TIPOGRAFIA ACADEMIEI DE ŞTIINŢE A MOLDOVEI Î.S.,eTenders
Î.M. ROMPETROL  MOLDOVA S.A.,eTenders
SARDIS EXIM S.R.L.,eTenders
OLCRISCOM S.R.L.,eTenders
S.C. EVM-ANGRO S.R.L.,eTenders
METATRON S.A.,eTenders
Î.M. VINAMEX S.R.L.,eTenders
COMPANIA ALBINSTAL S.R.L.,eTenders
Î.C.S. HMI-HIGIMED INDUSTRIE S.R.L.,eTenders
S.C. MSA GRUP S.R.L.,eTenders
CONSTRONG S.R.L.,eTenders
LUXCONSISTEM S.A.,eTenders
CONSMODERN S.R.L.,eTenders
Î.C.S. MED CARE S.R.L.,eTenders
SIMCOMTEX S.R.L.,eTenders
S.R.L. CASCOM - LUX,eTenders
Alexander Mustea ,eTenders
Vlad-Iustin Tica ,eTenders
F.P.C. CHETON GRUP S.R.L.,eTenders
ASTRAL-PROIECT S.R.L.,eTenders
SIMBO-PROIECT S.R.L.,eTenders
Î.M. C.I.A. TRANSELIT S.A.,eTenders
AVANTAJ-MĂS S.R.L.,eTenders
PROTECŢIA PLANTELOR Î.S.,eTenders
CRIJARUS S.R.L.,eTenders
SILIRS S.R.L.,eTenders
FORS-COMPUTER S.R.L.,eTenders
Î.M. Lokmera S.R.L.,eTenders
BLITZ POLIGRAF S.R.L.,eTenders
SPECIMEN S.R.L.,eTenders
MOLDPRESA GRUP S.R.L.,eTenders
DELEU-DELEV Î.I.,eTenders
ALISIDORA-SVV S.R.L.,eTenders
S.C. VANRO - COM S.R.L.,eTenders
GRICONS-IMPEX S.R.L.,eTenders
S.C. PROEUROCONSULT S.R.L.,eTenders
DIO-PLUS S.R.L.,eTenders
EAST-AUTO-LADA S.R.L.,eTenders
S.R.L. MADION-NORD,eTenders
STARCAM S.R.L.,eTenders
SMART MEDICAL S.R.L.,eTenders
FPC AGAS-ROS S.R.L.,eTenders
Î.M. ACCENT ELECTRONIC S.A.,eTenders
POJTEH-GRUP S.R.L.,eTenders
CONSTRUCTORUL-GARABAJIU Î.I.,eTenders
S.C. CARNALS GRUP S.R.L,eTenders
AQUAPARC CAPITALA S.R.L.,eTenders
DELIUS S.R.L.,eTenders
S.C. LINIA NOVA S.R.L.,eTenders
PROFNATIN S.R.L.,eTenders
DRUMURI-STRĂŞENI S.A.,eTenders
MEDIASTRIM S.R.L.,eTenders
"AO ""Centru Strategii si Politici de Sanatate""",eTenders
S.C. DUBLU SENS S.R.L,eTenders
CHISTRUGA IVAN VLADIMIR,eTenders
S.R.L. NALAD-CA-COMERŢ,eTenders
ECOTEHLIDER S.R.L.,eTenders
FALER-EXIM S.R.L.,eTenders
SEMAFOR-SERVICE S.R.L.,eTenders
"Institutul de Geodezie, Prospecţiuni Tehnice şi Cadastru INGEOCAD Î.S.",eTenders
S.C. GRAFICON-AV S.R.L.,eTenders
VARINCOM S.R.L.,eTenders
Î.S. CADASTRU,eTenders
Î.I. NOVIŢCHII SERGHEI,eTenders
NICOLAEV CONSTANTIN Î.I.,eTenders
MOLDTELECOM S.A.,eTenders
RUVICONSTRUCT S.R.L.,eTenders
ALIMCONSTRUCT GRUP S.R.L.,eTenders
ACADEMIA DE ADMINISTRARE PUBLICĂ DE PE LÎNGĂ PREŞEDINTELE REPUBLICII MOLDOVA,eTenders
VOLTA S.R.L.,eTenders
LIDIA COICA Î.I.,eTenders
S.C. NEOCOMPUTER GRUP S.R.L.,eTenders
S.A.D. PROIECT S.R.L.,eTenders
S.C. PASTECOM GRUP S.R.L.,eTenders
Î.M. DIRECŢIA DE CONSTRUCŢII CAPITALE COMANDITAR UNIC ORAŞULUI BALŢI,eTenders
George Cristian  ALECU ,eTenders
PALEX-SERVICE SRL,eTenders
S.C. VENOMNET - LUX S.R.L.,eTenders
F.P.C. PRODOMUS S.R.L.,eTenders
S.C. MUNTEAN-CONFINIS S.R.L.,eTenders
ABM CONSULTING S.R.L.,eTenders
STUDIUM PLUS S.R.L.,eTenders
Asociatia Contabililor si Auditorilor Profesionisti din Republica Moldova,eTenders
LUCIREX-COM S.R.L.,eTenders
TRANSENCA-TUR S.R.L.,eTenders
BASS SYSTEMS S.R.L.,eTenders
CASA-CRISTEA Î.I.,eTenders
STRENGTH S.R.L.,eTenders
S.C. CALBOR GRUP S.R.L.,eTenders
FLOR FAR S.A.,eTenders
S.C. PLAI MAGIC S.R.L.,eTenders
SANTO-M S.A.,eTenders
BUDEI COM S.R.L.,eTenders
S.C. MEGACON SERVICE S.R.L.,eTenders
PROSCON-LUX S.R.L.,eTenders
BELOCTAN S.R.L.,eTenders
OLEMUS GRUP S.R.L.,eTenders
PRESSINFORM-CURIER S.R.L.,eTenders
SANMAX SERVICE S.R.L.,eTenders
IT HELP S.R.L.,eTenders
SNV INVEST S.R.L.,eTenders
S.C. ELIGIBIL-CON S.R.L.,eTenders
S.C. GLAVIRUX S.R.L.,eTenders
Î.M. DUTCHMED-M S.R.L.,eTenders
MED-M-COMERŢ S.R.L.,eTenders
S.R.L. ANSERPLAST,eTenders
Î.I. PĂDUREŢ  ALEXANDRU,eTenders
Î.M. MASTER SYSTEMS S.R.L.,eTenders
S.R.L. MIGASTIL-COM,eTenders
DRAUR-GRUP S.R.L.,eTenders
CORDACOM S.R.L.,eTenders
PROCRIOMAX S.R.L.,eTenders
S.C. OMNICOM S.R.L.,eTenders
COMETA CONSTRUCT S.R.L.,eTenders
MIPECO S.R.L.,eTenders
AGROMONTAJ S.A.,eTenders
S.C. MONELCONS S.R.L.,eTenders
NORD-GARANT S.R.L.,eTenders
UTILTRANS CONSTRUCT S.R.L.,eTenders
DRUMURI-SOROCA S.A.,eTenders
S.R.L. MARCONS-DRUM,eTenders
MELIOSERVIS S.R.L.,eTenders
LANIT-SOFT S.R.L.,eTenders
S.C. DRAGODION S.R.L.,eTenders
BASADOR - COM S.R.L.,eTenders
TETLEM S.R.L.,eTenders
S.C. VIARHCON S.R.L.,eTenders
Î.I. CLIPA SIMION,eTenders
S.C. MECENERGO S.R.L.,eTenders
ENERGOREPARAŢII Î.S.,eTenders
TEREHOV IURI IVAN,eTenders
ARTIZANA S.A.,eTenders
CROITOR-TRICOT S.R.L.,eTenders
MODASTIL-PRIM S.R.L.,eTenders
IONEL S.A.,eTenders
ELTAVIUTEX S.R.L.,eTenders
J.N.N.-GRUP S.R.L.,eTenders
SECURITATE FGM S.R.L.,eTenders
LEXASIGUR S.R.L.,eTenders
S.R.L. VIBIMOBIL,eTenders
S.C. RILICI - COMPANI S.R.L.,eTenders
Institutul pentru Dezvoltare și Inițiative Sociale “Viitorul”,eTenders
NRG INTERACTIV S.R.L.,eTenders
SORINA GAJIU Î.I.,eTenders
TRANS-SERVIS S.R.L.,eTenders
DAGECON S.R.L.,eTenders
Î.P. COSTEŞTI S.A.,eTenders
S.C. MONTEX - GAZ S.R.L.,eTenders
VITCOS-COM S.R.L.,eTenders
S.C. GreenSoft S.R.L.,eTenders
SAGITTA & CO S.R.L.,eTenders
JUSTAR-TEHNO S.R.L.,eTenders
S.C. HIPERTEH S.R.L.,eTenders
PRIMEX-COM S.R.L.,eTenders
AEROPORT CATERING S.A.,eTenders
SPRIN AGRO S.R.L.,eTenders
AGRO-TIRAS S.R.L.,eTenders
S.C. ECMASAN S.R.L.,eTenders
DAREUS-CO S.R.L.,eTenders
TRABECO-DESIGN S.R.L.,eTenders
PASC-CON S.A.,eTenders
MEDEXIM S.R.L.,eTenders
KABION-MEDICAL S.R.L.,eTenders
Î.C.S. BM TECHNOTRADE S.R.L.,eTenders
NOVA-IMPRIM S.R.L.,eTenders
S.R.L. EXCONS GRUP,eTenders
FLORENTINA CONSTRUCT S.R.L.,eTenders
ADCOGNOS S.R.L.,eTenders
AFINA-VSH S.R.L.,eTenders
S.C. INSTALSISTEM S.R.L.,eTenders
S.C. ENERGOPLAT S.R.L.,eTenders
Î.S. MOLD-DIDACTICA,eTenders
CONMETAL-COM S.R.L.,eTenders
Î.M. DIDACT VEGA S.R.L.,eTenders
S.C. DANIELA BUJOR S.R.L.,eTenders
S.R.L. AGRO-RUSANOVSCHII,eTenders
S.R.L. SB-DANIELA,eTenders
LOGO-STUDIUM S.R.L.,eTenders
ARIPARTEX S.R.L.,eTenders
NORD-UNIVERSAL S.R.L.,eTenders
LITARCOM S.R.L.,eTenders
S.R.L. POVLADAR,eTenders
S.C. GVININ CONS S.R.L.,eTenders
S.C. GRINI-MAX S.R.L.,eTenders
ASIST ROM SRL,eTenders
AUTOSPACE S.R.L.,eTenders
METANTENC S.R.L.,eTenders
Î.C.S. NITECH S.R.L.,eTenders
Șen Bilal ,eTenders
Florinel-Stelian Ionescu ,eTenders
Liviu Matache ,eTenders
Nicolae-Daniel Ioniță ,eTenders
Mircea-Gabriel Ciobanu Adrian,eTenders
Mihai-Gabriel Nicolae Alexandru,eTenders
Virgil Spiridon ,eTenders
S.C. OXALION S.R.L.,eTenders
CASA-CONSTRUCT S.R.L.,eTenders
MONTAJ-SV,eTenders
S.C. NEW TONE S.R.L.,eTenders
S.C. OXIVIT-MED S.R.L.,eTenders
SC Silva Trading SRL,eTenders
S.C. INSTALCONSTRUCT S.R.L.,eTenders
BUNĂTATE S.R.L.,eTenders
CONSIT PRO S.R.L.,eTenders
DORTEHTRANS S.R.L.,eTenders
MODERN SISTEM S.R.L.,eTenders
Î.C.S. EPSILON MEDICAL S.R.L.,eTenders
S.C. BITPROGRAM S.R.L.,eTenders
S.C. PLASTCOMPLEX S.R.L.,eTenders
S.C. DIVERTIS SERVICE S.R.L.,eTenders
DARNIC-GAZ S.A.,eTenders
S.C. ASEV-CONSTRUCŢIE S.R.L.,eTenders
S.C. EUROPRES S.R.L.,eTenders
S.C. MIHCONS-PLUS S.R.L.,eTenders
DONARIS GROUP S.A.,eTenders
S.C. NISPROFCON S.R.L.,eTenders
EXPRESMARKET S.R.L.,eTenders
SONDICOM S.R.L.,eTenders
PROSPERUS-CONS S.R.L.,eTenders
S.R.L. PROTUVIM-AGRO,eTenders
OLIOTERRA S.R.L.,eTenders
CARIERA COBUSCA S.A.,eTenders
S.R.L. SERVICII URBANE,eTenders
S.C. TIERA GRUP S.R.L.,eTenders
SRL MOBILIS,eTenders
MAVARA GRUP S.R.L.,eTenders
S.C. NATALCOM S.R.L.,eTenders
INDUSTRIALPROIECT Î.S.,eTenders
VERILARPROIECT S.A.,eTenders
S.C ANSTELUX S.R.L,eTenders
TOPIMOBIL S.R.L.,eTenders
VALDAN CONSTRUCT S.R.L.,eTenders
CARTDIDACT S.R.L.,eTenders
JECICOV ILIE PETRU,eTenders
Antoine Tetaud ,eTenders
ALIVALDA S.R.L.,eTenders
Î.M. ALMOR-PLUS S.R.L.,eTenders
AO „EcoContact”,eTenders
ANODILIA S.R.L.,eTenders
Protecţia,eTenders
ELVE-CONSTRUCT S.R.L.,eTenders
AG MEDICAL S.R.L.,eTenders
S.C. DSG-MONTAJ S.R.L.,eTenders
S.C. GEBHARDT-CONSTRUCT S.R.L.,eTenders
ROTARI V. Î.I.,eTenders
MAGISTRALA-NISTRU S.R.L.,eTenders
SOVERANG S.R.L.,eTenders
STICLĂMONT S.A.,eTenders
SPATIUM GRUP S.R.L.,eTenders
FORCON PLUS S.R.L.,eTenders
S.C. CONSISTCOM S.R.L.,eTenders
NIPETGAL S.R.L.,eTenders
Î.C.S. RELIABLE SOLUTIONS DISTRIBUTOR S.R.L.,eTenders
PRUT INTERNAŢIONAL S.R.L.,eTenders
S.C. ACMIA - CON S.R.L.,eTenders
SARVN S.R.L.,eTenders
S.R.L. CENTEL PRIM,eTenders
S.C. STUDITERRA S.R.L.,eTenders
BUJOR SPORT S.R.L.,eTenders
CASA CLASICĂ S.R.L.,eTenders
CASA NOBILĂ TM S.R.L.,eTenders
DRUMURI-VULCĂNEŞTI S.A.,eTenders
S.C. SETUM-CONSTRUCT S.R.L.,eTenders
ARAMA R S.R.L.,eTenders
POWER TEAM S.R.L.,eTenders
SOLING S.A.,eTenders
VENCIUR-REZERVĂ S.A.,eTenders
Selex ES S.p.A.,eTenders
FIRMA MAGDA S.R.L.,eTenders
INTELECTSOFT S.R.L.,eTenders
S.C. PRIMOBIL-LUX S.R.L.,eTenders
S.C. BESTSMART CONSULTING S.R.L,eTenders
NEOSUPORT SERVICE S.R.L.,eTenders
S.C. CRINIC GRUP S.R.L.,eTenders
SRL BRAS,eTenders
S.R.L. LECOCONS,eTenders
VETZOOAGRO S.R.L.,eTenders
S.C. A.S. VEST GRUP S.R.L.,eTenders
V.COLUN Î.I.,eTenders
S.R.L. EUROSTIL CONSTRUCT,eTenders
S.C EXIMDOR S.R.L,eTenders
S.C. ARCADA-PLAST S.R.L.,eTenders
ALEXIRA-COM S.R.L.,eTenders
Î.C.S. S & T MOLD S.R.L.,eTenders
Î.C.S. SOFTLINE INTERNATIONAL S.R.L.,eTenders
S.C. ITSC PLUS S.R.L.,eTenders
F.P.C. TACTICA S R L.,eTenders
S.C. GETARCON GRUP S.R.L.,eTenders
LUCET-COMERŢ S.R.L.,eTenders
BIOSISTEM MLD S.R.L.,eTenders
VITASDANCOM S.R.L.,eTenders
Î.C.S. EYECON MEDICAL S.R.L.,eTenders
TEHNICA-INFO S.R.L.,eTenders
SLAVANS-GRAFICA S.R.L.,eTenders
VADIM BÎZDÎGA VASILE,eTenders
S.R.L. SERVEST-AGRO,eTenders
S.C. Silva Trading S.R.L.,eTenders
S.C. PROMO-PROFIT S.R.L.,eTenders
S.C. C.V.R. - ELECTRO S.R.L.,eTenders
S.C. DIART INFO S.R.L.,eTenders
LINIA & CO S.R.L.,eTenders
"""Bîzdîga Vadim Vasile""",eTenders
SARCO - SERVICE S.R.L.,eTenders
S.C. STIVUITOR S.R.L.,eTenders
TROFANATA S.R.L.,eTenders
ECO EVOLUTIONS S.R.L.,eTenders
S.C. BERUF-AUTO-EM S.R.L.,eTenders
SV REGAL CONSTRUCT S.R.L.,eTenders
DINOCTA S.R.L.,eTenders
S.C. FAINA LUMINA S.R.L.,eTenders
DRUMURI ORHEI S.A.,eTenders
S.C. PRO-MAPIX S.R.L.,eTenders
EDITURA DIDACTICĂ LUMINA Î.S.,eTenders
S & S CONSTRUCT S.R.L.,eTenders
ALIMAR-CONS S.R.L.,eTenders
Institutul Casei Pasive,eTenders
ORIZONTUL S.R.L.,eTenders
METALICA-ZUEV S.R.L.,eTenders
VOIAJ INTERNAŢIONAL & CO S.R.L.,eTenders
SAFCONS SRL,eTenders
SUNNY TRAVEL S.R.L.,eTenders
INJPROIECT S.R.L.,eTenders
TONERSISTEM S.R.L.,eTenders
VITASISTEM S.R.L.,eTenders
MOBILCOMSERVICE S.A.,eTenders
PRESTAR-PLUS S.R.L.,eTenders
OLMOSDON S.R.L.,eTenders
S.C. ART- PROIECT S.R.L.,eTenders
SAHCONS S.R.L.,eTenders
CONSTRUM S.R.L.,eTenders
S.R.L. MEDPUNKT,eTenders
OZONTEH IMPEX S.R.L.,eTenders
FABI & LINA S.R.L.,eTenders
FLORNUC S.R.L.,eTenders
Î.C.S. MEGASTROI S.R.L.,eTenders
"UAB ""S41D""",eTenders
4Rooms Switzeriand GmbH,eTenders
S.C. FOCALITY S.R.L.,eTenders
Î. I. SIMION  CLIPA,eTenders
S.C. REBDACONS S.R.L.,eTenders
INTERMED-SERVICE S.R.L.,eTenders
RODICONS S.R.L.,eTenders
TEHNOSTIL S.R.L.,eTenders
MOB-ELITA S.R.L.,eTenders
PROREDOX GROUP S.R.L.,eTenders
S.C. CADOM-GAZ S.R.L.,eTenders
S.C. CIMTERMIC S.R.L.,eTenders
Î.M. INTERIOR DECOR S.R.L.,eTenders
ESTETINI S.R.L.,eTenders
CAZACU S.R.L.,eTenders
NICOVAN-GRUP S.R.L.,eTenders
MARISTECONS S.R.L.,eTenders
S.C. SOLGON - I S.R.L.,eTenders
VICTOR COMMUNICATION S.R.L.,eTenders
ILP,eTenders
Agenţia Germană de Asigurare a Calităţii,eTenders
Î.C.S. GENESIS INTERNATIONAL S.R.L.,eTenders
S.A. LEGION,eTenders
EFECTIVE MEDICAL E & C S.R.L.,eTenders
MARSTEL GRUP S.R.L.,eTenders
PAIRELI & C S.R.L.,eTenders
ANADEM-CONSTRUCT S.R.L.,eTenders
STANDARD IMPEX S.R.L.,eTenders
AURMILION S.R.L.,eTenders
SERGIU PLUS NICOLAE S.R.L.,eTenders
S.R.L. ARCTUS IMPEX,eTenders
S.R.L. STAŢIUNEA BALNEOCLIMATERICĂ CODRU,eTenders
TENERAB-BAŞ CIU S.R.L.,eTenders
TACTICAL PRO AMMUNITION S.R.L.,eTenders
PPE S.R.L.,eTenders
S.C. QUO VADIS S.R.L.,eTenders
OPTIC-LUX S.R.L.,eTenders
ARPAC-PLASTIC S.R.L.,eTenders
Î.M. AUTO MALL S.R.L.,eTenders
Î.S. DIRECŢIA SERVICII PENTRU CORPUL DIPLOMATIC,eTenders
S.C. BUCOVINEANCA S.R.L.,eTenders
S.R.L. GABRIPRIM,eTenders
S.C. COMALION & CO S.R.L.,eTenders
PRIDE SYSTEM S.R.L.,eTenders
GHIMNIC S.R.L.,eTenders
UNITEHSTANDARD S.R.L.,eTenders
AMBORIO S.R.L.,eTenders
FABIANCA S.R.L.,eTenders
S.C. CARPETA MD S.R.L.,eTenders
STATISTICA Î.S.,eTenders
SERGSAN-COM S.R.L.,eTenders
ALG CAPITAL S.R.L.,eTenders
VIOGRAFIC S.R.L.,eTenders
MANNCONFORT S.R.L.,eTenders
F.P.C. AMAS S.R.L.,eTenders
S.C. ITUMIT S.R.L.,eTenders
S.R.L. PROXIMUS - PRIM,eTenders
SMAD-GRUP S.R.L.,eTenders
Î.I. TRIFAN SIMION,eTenders
S.C. STELPART S.R.L.,eTenders
CONTINENT S.R.L.,eTenders
AUTOCONCORD S.R.L.,eTenders
TOM-MIN GRUP S.R.L.,eTenders
PROFILABDIAGNOSTIC S.R.L.,eTenders
TECHNO SMART SERVICE S.R.L.,eTenders
TORECO S.R.L.,eTenders
S.C. IVLEVI S.R.L.,eTenders
S.C. GT-TEHNOLOGII S.R.L.,eTenders
RENADEX - M S.R.L.,eTenders
UNICONS AI S.R.L.,eTenders
PRODENT-COM S.R.L.,eTenders
S.R.L. DIGITAL INVEST,eTenders
BRUTGRUP S.R.L.,eTenders
IUGINTERTRANS S.A.,eTenders
G.C.C. - SECURITATE S.R.L.,eTenders
UNIVERSITATEA TEHNICĂ A MOLDOVEI,eTenders
Î.M. O-VIDEO GRUP S.R.L.,eTenders
DIDIADI-PRIM SRL,eTenders
S.C. TEHNOCLIMAT S.R.L.,eTenders
V.Colun,eTenders
SCORPAN ŞI CO S.R.L.,eTenders
ADRIKA S.R.L.,eTenders
ECHINOX S.R.L.,eTenders
CRICOVA-VIN S.A.,eTenders
TERENTIEV T.O. Î.I.,eTenders
LUMINTEHNICA S.R.L.,eTenders
S.H. HENDRIX  BAIL S.R.L.,eTenders
S.R.L. OSCAN IMPEX,eTenders
Î.S. INSTITUTUL DE DEZVOLTARE A SOCIETĂŢII INFORMAŢIONALE,eTenders
Agenţia Estoniană de Asigurare a Calităţii,eTenders
F.P.C. ROGOB S.R.L.,eTenders
Î.M. AGROPIESE TGR GRUP S.R.L.,eTenders
S.R.L. DENALEX-EXIMGRUP,eTenders
PRODAGROTRADE S.R.L.,eTenders
S.R.L. PRIMAVIA-EXIM,eTenders
CELERITAS S.R.L.,eTenders
S.R.L. TERRA ARB GRUP,eTenders
SATURN-PAVLOV II,eTenders
ICT SOLUŢII S.R.L.,eTenders
S.R.L. NAVI SOLUTIONS,eTenders
PACIFIC MOTORS MOLDOVA S.R.L.,eTenders
CARAUTO SERVICE S.R.L.,eTenders
S.C. MEGAVIL GRUP S.R.L.,eTenders
APARTAMENT & CONSULTING S.R.L.,eTenders
Î.C.S. ORTONET S.R.L.,eTenders
TIPOGRAFIA CENTRALĂ Î.S.,eTenders
"SRL,,Celeritas""",eTenders
"SRL,,Natusana""",eTenders
"SRL,,Sanfarm""",eTenders
"SRL,,Ericon""",eTenders
"SRL,,Ghermed""",eTenders
"SRL,,Policontract""",eTenders
"SRL,,Divabona""",eTenders
",,Tetis International""",eTenders
"SRL,,Sogno""",eTenders
"SRL,,Profilabdiagnostic""",eTenders
SERVICII CURĂŢENIE S.R.L.,eTenders
ODISEU S.R.L.,eTenders
S.C. PATRÎNICHI-STIL S.R.L.,eTenders
DIANCOL S.R.L.,eTenders
SRL Adrika ,eTenders
COMPLEXUL DE EDITURI AL BISERICII ORTODOXE DIN MOLDOVA S.R.L.,eTenders
FIRMA DANIEL SRL,eTenders
Î.C.S. TEHGAZ GRUP S.R.L.,eTenders
BAGUETTE S.R.L.,eTenders
RUSU VALERIU Î.I.,eTenders
Firma CND S.R.L.,eTenders
AGW EXPERT GROUP S.R.L.,eTenders
OLIMP S.R.L.,eTenders
CARUN SRL,eTenders
CRIZANTEMA Î.S.,eTenders
S.C. BIROLUX-MT S.R.L.,eTenders
PLAI-MERENI S.R.L.,eTenders
S.C. LUXGAZ S.R.L.,eTenders
FABRICA DE PÎINE DIN ORHEI S.A.,eTenders
S.C. CHIRA-PRIM S.R.L.,eTenders
TAXAR-AGRO S.R.L.,eTenders
S.C. DVS SERVICE S.R.L.,eTenders
"""I.L.P."" SRL",eTenders
TECHNO-INOX S.R.L.,eTenders
RISCANI-SC Î.S.,eTenders
S.R.L. CAROM - RS,eTenders
S.C. TRIOMAC S.R.L.,eTenders
BINAMEX-M S.R.L.,eTenders
S.C. ALTERNOMATIX S.R.L.,eTenders
EUROSERVICES CLEANING S.R.L.,eTenders
AUTOSHOCK SV S.R.L.,eTenders
S.R.L. CONAPRIM GRUP,eTenders
EXCLUSIV S.R.L.,eTenders
MOLDCARBUNE S.R.L.,eTenders
"""ADORMOBILA"" SRL",eTenders
BESMART S.R.L.,eTenders
"""ADOR MOBILA"" SRL",eTenders
LIFTSERVICE Î.M.,eTenders
Rapiscan Systems LTD,eTenders
EVOSISTEM & COM S.R.L.,eTenders
SILVA TRADING SRL,eTenders
Î.M. ENTOFARM S.R.L.,eTenders
LIFE MED S.R.L.,eTenders
OP Garda C4 SRL,eTenders
LITERA A.V.N. S.R.L.,eTenders
"CENTRUL REPUBLICAN EXPERIMENTAL PROTEZARE, ORTOPEDIE ŞI REABILITARE Î.S.",eTenders
Sanatoriul NUFARUL ALB S.R.L.,eTenders
HIDROCHIM S.R.L.,eTenders
Î.M. GHERMED-K S.R.L.,eTenders
POŞTA MOLDOVEI Î.S.,eTenders
TEHNO-NAVIGARE S.R.L.,eTenders
AUTO-SAN PRIM S.R.L.,eTenders
NISTRU LADA S.A.,eTenders
MOTOR STAR S.R.L.,eTenders
NICONES-GRUP S.R.L.,eTenders
T.P.I. - PHARM S.R.L.,eTenders
Î.M. ASCENDIS CONSULTING S.R.L.,eTenders
S.C. ANELITA PRIM S.R.L.,eTenders
AROXAN SERVICE S.R.L.,eTenders
SC AF Marcotec Bucuresti CEM SRL,eTenders
SEVASTIAN-ALFA Î.I.,eTenders
F.C.P. CORNA S.R.L.,eTenders
XEROTON S.R.L.,eTenders
I.I. TATIANA ZUBCOVA,eTenders
ORMOTEX S.A.,eTenders
DACVI-COM S.R.L.,eTenders
S.C. DOMUS AUTO S.R.L.,eTenders
MEDINTERGRUP S.R.L.,eTenders
GIBEONA-PLUS S.R.L.,eTenders
S.C. Europlast S.R.L.,eTenders
AUTOFRAME-FM S.R.L.,eTenders
ARH-EST STUDIO S.R.L.,eTenders
LADY S.R.L.,eTenders
O.P. MEDIA SECURITATE GRUP S.R.L.,eTenders
MARKETING & PR S.R.L.,eTenders
"SC ""MOBILIS"" SRL",eTenders
PASARELA PLUS S.R.L.,eTenders
S.C. TEHMOTIV S.R.L.,eTenders
S.C. GRAND PREMIUM S.R.L.,eTenders
FLORĂRIE S.A.,eTenders
STEJAUR-MARKET S.A.,eTenders
MN SPERANŢA S.R.L.,eTenders
Î.S. COMBINATUL DE DESERVIRE SOCIALĂ,eTenders
Î.M. CRISTAL CLEAN S.R.L.,eTenders
NUFĂRUL S.A.,eTenders
S.R.L. PROIECT ENERGETIC,eTenders
ILONET - PRIM S.R.L.,eTenders
ELPO S.R.L.,eTenders
VOLARE-TUR S.R.L.,eTenders
S.R.L. Sanmedico,eTenders
AGENT-TURA S.R.L.,eTenders
MOLDCABLU S.R.L.,eTenders
Î.C.S. EUROPEAN ELECTRICAL EQUIPMENT E.NEXT S.R.L.,eTenders
CAMELON-CONS S.R.L.,eTenders
Î.M. ORANGE MOLDOVA S.A.,eTenders
AUTOPRIM SERVICE S.A.,eTenders
UNICOMPRO S.R.L.,eTenders
S.C. RITUS-AV S.R.L.,eTenders
"SRL ""ILP""",eTenders
FAVORIT-PROD S.R.L.,eTenders
BOMI-SERVIS S.R.L.,eTenders
S.R.L. STIL BIROTIC,eTenders
ALANTA-FARM S.R.L.,eTenders
Î.M. 5AQ INVEST S.R.L.,eTenders
S.C. CLIMATE-SERVICE S.R.L.,eTenders
PIROTERM-SERVICE S.R.L.,eTenders
SALTICA-LUX S.R.L.,eTenders
COMITEK S.R.L.,eTenders
WEST BUY SRL,eTenders
S.C. ALIOCOR LT S.R.L.,eTenders
TEMEI-VTAC S.R.L.,eTenders
CREIT S.R.L.,eTenders
S.C. NUMEX&CO S.R.L.,eTenders
FAINA ANDREI ALEXANDRU,eTenders
UNIVERSITATEA DE STAT DE MEDICINĂ ŞI FARMACIE NICOLAE TESTEMIŢANU DIN REPUBLICA MOLDOVA,eTenders
Î.M. ELODI - FARM S.R.L.,eTenders
Î.C.S. ACSEAL GAZ S.R.L.,eTenders
RUSPIN GRUP SRL,eTenders
DIGITAL VIDEO S.R.L.,eTenders
POSPROMO GRUP S.R.L.,eTenders
S.C. VOLTOZAR S.R.L.,eTenders
S.C. GOLTVIS LUX S.R.L.,eTenders
GULEOST S.R.L.,eTenders
TRIUMF-MOTIV S.R.L.,eTenders
"CENTRUL RESURSELOR INFORMAŢIONALE DE STAT ""REGISTRU"" Î.S.",eTenders
BOGHI PAVEL PETRU,eTenders
BOBEICA ALEXANDR STEPAN,eTenders
PAVEL GHEORGHE GHEORGHE,eTenders
INSTACON S.R.L.,eTenders
S.C. E.S.C.U. & CO S.R.L.,eTenders
VARGUS-GRUP S.R.L.,eTenders
UNIDENT-AS S.R.L.,eTenders
S.C. BIOTEHDESIGN S.R.L.,eTenders
DANOVA-PRIM S.R.L.,eTenders
S.C. ELECTEH S.R.L.,eTenders
AMTA-TIS S.R.L.,eTenders
S.C. ANGROSET S.R.L.,eTenders
AQUA-PRUT S.A.,eTenders
CIOBAN INA Î.I.,eTenders
StarNet Soluţii S.R.L.,eTenders
Î.C.S. CODRU HOSPITALITY S.R.L.,eTenders
S.C. FIDEL GRUP S.R.L.,eTenders
S.C. ESC - PUR S.R.L,eTenders
F.P.C. INVEST-FOND S.R.L.,eTenders
MEDISAN Î.S.,eTenders
PIVDENI KURORT SERVICE,eTenders
ELCOM S.A.,eTenders
STRUGURAŞ S.R.L.,eTenders
S.P.B. CONSTRUCTORUL Î.S.,eTenders
Farmacia RECETA FARM S.R.L.,eTenders
S.C. ADM-REPARAŢIE S.R.L.,eTenders
O.P. GARDA C4 S.R.L.,eTenders
EURO COSMETIC S.R.L.,eTenders
MEDIASUCCES S.R.L.,eTenders
GOIANA PETR.CO S.R.L.,eTenders
Î.M. EUROPEAN SOFTWARE COMPANY S.R.L.,eTenders
HOLIDAY-SERVICE S.R.L.,eTenders
HOTELUL ZAREA О.S.,eTenders
S.C. LABITON S.R.L.,eTenders
SANAIR-SERVICE S.R.L.,eTenders
SALMED GRUP S.R.L.,eTenders
OSTEOMED-M S.R.L.,eTenders
S.C. DARAMAX-COM S.R.L.,eTenders
Î.S. ÎNTREPRINDEREA DE REPARARE ŞI EXPLOATARE AUTO,eTenders
ELEN-CRIS GRUP S.R.L.,eTenders
ILP SRL,eTenders
DIRON S.A.,eTenders
Î.M. MAPT S.R.L.,eTenders
S.C. MELITAX-GRUP S.R.L.,eTenders
"S.R.L.,,Tehnic Consulting Engineering România",eTenders
DIXAPEL S.R.L.,eTenders
GRINVITAS - AUTO S.R.L.,eTenders
F.P.C. MIH-PETROL S.R.L.,eTenders
Primorie,eTenders
CRISTAS-M S.R.L.,eTenders
SC BALNEOSERVICE-BOBROV&C SRL,eTenders
MEDISAN О.S.,eTenders
RUSU LIDIA О.I.,eTenders
BELNIS S.R.L.,eTenders
IMPRIMARE-COM S.R.L.,eTenders
S.R.L. MAXTEH DESIGN,eTenders
S.C. TOTAL GRAVURĂ S.R.L,eTenders
S.C. BLANCONSTRUCT S.R.L.,eTenders
Reprezentanţa S. A. INTRASOFT INTERNATIONAL,eTenders
S.C. LERAI GRUP S.R.L.,eTenders
"S.A. ,,Drumuri-Edineț,,",eTenders
"S.A. ,,Drumuri Bălți,,",eTenders
"S.R.L. ,,Magistrala Nord,,",eTenders
"S.R.L. ,,Drumuri Briceni,,",eTenders
"S.R.L. ,,Gloria,,",eTenders
CONS-VIAND S.R.L.,eTenders
"S.R.L. ,,Drumuri Ialoveni,,",eTenders
ŞAHREVAR S.R.L.,eTenders
S.A. DRUMURI   CĂINARI,eTenders
S.C. AMFITECONS S.R.L.,eTenders
Î.M. BADPRIM S.R.L.,eTenders
MARDARI IURIE DUMITRU,eTenders
S.A. TIPOGRAFIA  ŞTEFAN-VODĂ,eTenders
DIANULEA & CO S.R.L.,eTenders
S.C. ANIPLAN S.R.L.,eTenders
Pivdeni Kurort Service,eTenders
",,Primorie""",eTenders
Zolotaia Niva,eTenders
SRL STAŢIUNEA BALNEOCLIMATERICĂ CODRU,eTenders
"CENTRUL REPUBLICAN DE RECUPERARE A INVALIZILOR ŞI PENSIONARILOR ""SPERANŢA""",eTenders
Î.M. LOKMERA S.R.L.,eTenders
SISTEM ATIS S.R.L.,eTenders
ASOCIAŢIA OBŞTEASCĂ „AGENŢIA NAŢIONALĂ DE DEZVOLTARE RURALĂ (ACSA)”,eTenders
S.R.L. AFLUX-PRIM,eTenders
LACTIS S.A.,eTenders
S.C. GLOBU LUX S.R.L.,eTenders
Compania ASITO S.A.,eTenders
S.C. SERVTEL-ELECTRO S.R.L.,eTenders
Î.I. DICUSAR VEACESLAV,eTenders
Î.C.S. VLANATEX SERVICE COMPANY S.R.L.,eTenders
TERMOCLIMA S.R.L.,eTenders
INGINER CRM S.R.L.,eTenders
CINCI MESTERI S.R.L.,eTenders
S.C. VLAD STRATAN SRL,eTenders
"SRL ""Volta""",eTenders
CONFORT SERVICE S.R.L.,eTenders
SPERANŢA S.R.L.,eTenders
S.A. DRUMURI-TARACLIA SA,eTenders
"S.A ,,Drumuri Cantemir,,",eTenders
CP CROMATOGRAF,eTenders
F.C.P. SOLDI S.R.L.,eTenders
FISCSERVINFORM Î.S.,eTenders
S.R.L. TIGRII DE VEGHE,eTenders
Sanmedico,eTenders
AIR MOLDOVA Î.S.,eTenders
VIVODENT S.R.L.,eTenders
Farmacia CENTROFARM S.A.,eTenders
TOR-AUTO S.R.L.,eTenders
C.C. AQUATRADE S.R.L.,eTenders
S.C. LUPU-COM SRL,eTenders
Plagiat-Sistem Antiplagiat prin Internet SRL,eTenders
I.S.P. RURALPROIECT,eTenders
S.C. RGP GRUP S.R.L.,eTenders
RÎUL VECHI S.R.L.,eTenders
S.C. PRODVIXON S.R.L.,eTenders
Î.C.S. EUROPEAN DRINKS IMPORT EXPORT S.A.,eTenders
MOTODINAMIX-GRUP S.R.L.,eTenders
Î.M. CONSULTING SOFTWARE & INNOVATION S.R.L.,eTenders
Î.C.S. MEDIA IMAGE S.R.L,eTenders
CRISTEF TURTRANS S.R.L.,eTenders
EDITURA UNIVERSUL Î.S.,eTenders
CEBAN DINU VASILE,eTenders
VION-IMPEX S.R.L.,eTenders
PROCONIMPEX S.R.L.,eTenders
TELECOM-PAGER S.R.L.,eTenders
1.	S.C. „Silva Trading” S.R.L.,eTenders
MOLDAN-SERVICE S.R.L.,eTenders
S.C. NM CONSTRUCT S.R.L.,eTenders
CURĂŢENIE SAN-PROF S.R.L.,eTenders
URALIS S.R.L.,eTenders
S.C. DIATA-PLUS S.R.L.,eTenders
Giesecke & Devrient GmbH,eTenders
OFICIU  AMG S.R.L.,eTenders
"""Starmax"" SRL",eTenders
INSTRUMED GRUP S.R.L.,eTenders
Î.I. PAVLUSI RIMA,eTenders
HOTELUL ZAREA Î.S.,eTenders
PROFTEHGRUP S.R.L.,eTenders
EUROLIFTMONTAJ S.R.L.,eTenders
G.P.N. S.R.L.,eTenders
BERCUT-GRUP S.R.L.,eTenders
S.R.L. ORTOFIX,eTenders
CEBAN SERGIU VICTOR,eTenders
PROFILAXIE-STOVBUN Î.I.,eTenders
OGNES-NORD S.R.L.,eTenders
CURAT LUX S.R.L.,eTenders
Î.M. DELMAR CONSTRUCTION S.R.L.,eTenders
BIOPROTECT S.R.L.,eTenders
S.R.L. IMEXAGRO,eTenders
S.R.L. ECOPLANTERA,eTenders
WIZCONTABIL S.R.L.,eTenders
GBG-MLD S.R.L.,eTenders
S.C. LISNIC GRUP S.R.L.,eTenders
FORA & C S.R.L.,eTenders
S.C. CLIMACONTROL S.R.L.,eTenders
GRAUR ALEXANDRU Î.I.,eTenders
TEHNO-TREND S.R.L.,eTenders
"Sanatoriul,,Primore""",eTenders
"Sanatoriul,,Zootaia Niva""",eTenders
"Sanatoriul,,Pivdeni-Kurort-Service""",eTenders
SET-SERVICE S.A.,eTenders
DONAL-ELECTRO S.R.L.,eTenders
Regula Baltija SIA,eTenders
Î.M. FARMACO S.A.,eTenders
METRO-MOLD S.R.L.,eTenders
Î.C.S. GLOBALPHARM COMPANY S.R.L.,eTenders
FARMACIA COJUŞNA S.R.L.,eTenders
C.P. DACIA-90,eTenders
CLUBUL SPORTIV CENTRAL AL ARMATEI,eTenders
S.R.L. VIPROMED SERVICE,eTenders
TANASIEV V Î.I.,eTenders
S.C. UNIMOND - PRO S.R.L.,eTenders
ENERGGRUP BT S.R.L.,eTenders
ROYAL PUBLIC S.R.L.,eTenders
IZVORUL CUCULUI S.R.L.,eTenders
QUEEN'S RESIDENCE PARK S.R.L.,eTenders
LA HARAP ALB S.R.L.,eTenders
CHIGHEON S.R.L.,eTenders
Î.S. VAMSERVINFORM,eTenders
Î.M.C.C.P. AD REM S.R.L.,eTenders
S.C. ANDIGOR S.R.L.,eTenders
LINDO S.R.L.,eTenders
COMERŢ-MAGOR S.R.L.,eTenders
S.R.L. ALANCRIS,eTenders
S.R.L. MOTARI LUX,eTenders
DAC-SPECTROMED,eTenders
S.C. BIOLAB-COM S.R.L.,eTenders
S.C. ECOLUX S.R.L.,eTenders
S.R.L. SMALCON PRIM,eTenders
Î.M. BALCAN-LEC S.R.L.,eTenders
Î.C.S. DERMOCOSMETICA S.R.L.,eTenders
SC Casa Invest SRL,eTenders
S.R.L. TAVICONST GRUP,eTenders
O.P. VIDEO ACCES SISTEM S.R.L.,eTenders
S.R.L. NUFĂR-CIA,eTenders
" SC SILVA TRADING SRL",eTenders
PROMEDLEX S.R.L.,eTenders
STATIMUS PRIM S.R.L.,eTenders
MOLDAUDITING S.R.L.,eTenders
S.C. RUTA-PRIM SERVICE S.R.L.,eTenders
S.C. PEISAJ - ART S.R.L.,eTenders
ZOOFARMAGRO S.R.L.,eTenders
MEDICAMENTUM S.A.,eTenders
PLATON-LUNGU DORINA GHEORGHE,eTenders
MUNTEANU MIHAIL VEACESLAV,eTenders
BALNEO-EXPRES S.R.L.,eTenders
S.C. OlSt-SERVICE S.R.L.,eTenders
MOBILEMN GRUP S.R.L.,eTenders
Î.C.S. NOBIL-CLUB S.R.L.,eTenders
TARGUS IMPEX S.R.L.,eTenders
BELMOND-GRUP S.R.L.,eTenders
ARSENAL S.R.L.,eTenders
C.A. VICTORIA ASIGURĂRI S.A.,eTenders
S.C. „Revismed” S.R.L.,eTenders
SAROSIS S.R.L.,eTenders
S.C. COPMAN-SERVICE S.R.L.,eTenders
CAPITOLES PARK S.R.L.,eTenders
DCS LABORATORY S.R.L.,eTenders
V.Colun Î.I.,eTenders
PROMEDTEH-SERVICE S.R.L.,eTenders
BRV ISTCOM S.R.L.,eTenders
PRINT FILE S.R.L.,eTenders
CHIŞINĂUPROIECT Î.M.,eTenders
S.C. AZICA-GRUP S.R.L.,eTenders
CHIMCONSULT S.R.L.,eTenders
FARMACIA FAMILIEI S.R.L.,eTenders
HIDROTEH CONSTRUCT S.R.L.,eTenders
FLORENI S.A.,eTenders
AUGUSTELIFT S.R.L.,eTenders
MAVACTIV S.R.L.,eTenders
CATOL LUX S.R.L.,eTenders
VATRA-MADDATAR SRL,eTenders
CLEBER S.R.L.,eTenders
S.C. ARHSTUDIO CUB S.R.L.,eTenders
S.R.L. ALTERNOSFERA,eTenders
S.C. AQUASTART GRUP S.R.L.,eTenders
TINUCRIS S.R.L.,eTenders
PANalytical B.V.,eTenders
Î.C.S. EUROFARMACO S.A.,eTenders
VISIOSYSTEMS S.R.L.,eTenders
Î.M. AUSTRAL OFFICE SUPPLIES S.R.L.,eTenders
COMPANIA DE ASIGURARE GALAS S.A.,eTenders
CRISTEA MARIA VASILE,eTenders
GROX-PLUS S.R.L.,eTenders
S.C. ARTEZAUR - DECOR S.R.L.,eTenders
”Princeps”,eTenders
BEL-N.B. S.R.L.,eTenders
S.C. ART-VEGA S.R.L.,eTenders
MOSCOVICI CONSTANTIN IACOV,eTenders
Editura ”Arc”,eTenders
AO „Institutul Casei Pasive”,eTenders
BEST FLOWERS S.R.L.,eTenders
Faclia S.R.L,eTenders
AUDIO-LINE S.R.L.,eTenders
ILVI-PAC S.R.L.,eTenders
QMS LIMITED S.R.L.,eTenders
BIMCON-SERVICE S.R.L.,eTenders
S.C. SANDUNELU S.R.L.,eTenders
FIRMA ORHEI-LADA-SERVICE S.R.L.,eTenders
IRIS-ARHPEISAJ S.R.L.,eTenders
IRILAND S.R.L.,eTenders
S.C. AUTO GHERA S.R.L.,eTenders
"S.C. ""TOP GEOCART"" S.R.L.",eTenders
TOTAL MEDICAL SYSTEM S.R.L.,eTenders
ELIO DESIGN S.R.L.,eTenders
Î.M. SUDZUCKER-MOLDOVA S.A.,eTenders
S.C. CINC- STAR S.R.L.,eTenders
POLITRANS S.R.L.,eTenders
MAXIMUM AUTO S.R.L.,eTenders
FLAVIRON S.R.L.,eTenders
PROFCAR TRADE S.R.L.,eTenders
SINDMOL S.R.L.,eTenders
"S.R.L. ,,I.L.P.''",eTenders
CATANOI MAXIM FILIP,eTenders
INSTITUTUL MUNCII S.R.L.,eTenders
S.R.L. REXART,eTenders
FLERIXON S.R.L.,eTenders
Î.M. DELTA-MEDICA S.R.L.,eTenders
Î.C.S. TV MR MLD S.R.L.,eTenders
Î.M. JOLLY ALON S.A.,eTenders
GHEORGHE LECA Î.I.,eTenders
CENTRUL NAŢIONAL DE SĂNĂTATE PUBLICĂ,eTenders
"Î.S. CENTRUL DE CARANTINĂ, IDENTIFICARE, EXPERTIZE DE ARBITRAJ ŞI DEZINFECTARE A PRODUCŢIEI",eTenders
S.R.L. VICRON-ECO,eTenders
S.C. T-PAR S.R.L.,eTenders
IASAS-AMRITA S.R.L.,eTenders
S.R.L. GOLIAT-VITA,eTenders
TROCIN ION GHEORGHE,eTenders
NOVA TECH MALL S.R.L.,eTenders
S.R.L. ALLCHIM CO,eTenders
TAMKAR S.R.L.,eTenders
Î.C.S. FARMINA S.R.L.,eTenders
. SC Mihcons Plus SRL ,eTenders
Liana- Intermedia,eTenders
"ООО""Приморъе""",eTenders
ROMEDCOM S.R.L.,eTenders
S.C. CHEMITRANS S.R.L.,eTenders
VIGI S.R.L.,eTenders
OXFORT-PRIM S.R.L.,eTenders
RAP PHARMA INTERNATIONAL S.R.L.,eTenders
ACVAN PLUS S.R.L.,eTenders
LIFTMONTAJ S.A.,eTenders
S.R.L. TALVA TRADE,eTenders
VIOMAS TEX S.R.L.,eTenders
S.R.L. TORENT PLUS,eTenders
STIINTA SI INOVARE PUBLICATIE PERIODICA,eTenders
AUTOBAZA ACADEMIEI DE ŞTIINŢE A MOLDOVEI Î.S.,eTenders
POLISIMBOL S.R.L.,eTenders
S.C. BIOGLOBAL S.R.L.,eTenders
GT Belivaca Mihail Alexei,eTenders
Î.M. GRAWE CARAT Asigurări S.A.,eTenders
TERRASISTEM S.R.L.,eTenders
CARTUŞ Î.S.,eTenders
ATRACTIV INVEST S.R.L.,eTenders
GRAND LIFT S.R.L.,eTenders
S.C. INPRINT-COM S.R.L.,eTenders
AMELINA-MOB S.R.L.,eTenders
PASCARI PAVEL Î.I.,eTenders
FERTILITATEA-IALOVENI S.A.,eTenders
CENTRUL AUTO KAMAZ S.R.L.,eTenders
CHINEC S.R.L.,eTenders
S.C. MEDORIENTSTAR S.R.L.,eTenders
S.A. CET NR.2 din Chişinău,eTenders
Î.M. CENTRUL DE ODIHNĂ PENTRU COPII ŞI TINERET-PRIETENIA,eTenders
Casele de Odihnă şi Recuperare PERLELE NISTRULUI S.R.L.,eTenders
DIVIMEX GRUP S.R.L.,eTenders
BONS OFFICES S.R.L.,eTenders
S.C. UNGUREANU-CONS S.R.L.,eTenders
C.A. DONARIS VIENNA INSURANCE GROUP S.A.,eTenders
S.C. PROFSISTEM S.R.L.,eTenders
S.C. SONARIS - COM S.R.L.,eTenders
S.C. VILOCOMSTIL S.R.L.,eTenders
VACANŢA-TUR SRL,eTenders
AO CONCEB,eTenders
PRO SĂNĂTATEA S.R.L.,eTenders
DIRECŢIA ÎNVĂŢĂMÎNT ŞTEFAN VODĂ,eTenders
DIRECŢIA ÎNVĂŢĂMÎNT A CONSILIULUI RAIONAL CIMIŞLIA,eTenders
"DITS Făleşti, tabăra ,,Romantica""",eTenders
"DITS Falesti, tabăra,,Olimp""",eTenders
DIRECŢIA ÎNVĂŢĂMÎNT TINERET ŞI SPORT DROCHIA,eTenders
PRIMĂRIA ORAŞULUI TARACLIA,eTenders
DIRECŢIA ÎNVĂŢĂMÎNT CĂLĂRAŞI,eTenders
DIPO-CONSULTING S.R.L.,eTenders
TERMOELECTRICA S.A.,eTenders
S.C. P.V. CONST-SERVICE S.R.L.,eTenders
S.C. BOGOS-PRIM S.R.L.,eTenders
BIROTIX-COM S.R.L.,eTenders
TACERO S.R.L.,eTenders
CONSTRUCT-LUX TG S.R.L:,eTenders
Î.C.S. DIAMEDIX IMPEX S.R.L.,eTenders
S.C. IGC-CONSTRUCT S.R.L.,eTenders
S.C. SELINIC - CONS S.R.L.,eTenders
ACVILA-SPORT S.A.,eTenders
DEBRA STUDIO DESIGN S.R.L.,eTenders
PROTECŢIA S.A.,eTenders
Firma ILP SRL,eTenders
TINICHIGIU S.R.L.,eTenders
ETERNCONSTRUCT S.R.L.,eTenders
MARION-PLUS S.R.L.,eTenders
PRODLUXCONS S.R.L.,eTenders
S.C. MEDIAPROSPECT S.R.L.,eTenders
INSTITUTUL DE ŞTIINŢE ALE EDUCAŢIEI,eTenders
S.C. FOREMCONS S.R.L.,eTenders
IURCRIS S.R.L.,eTenders
ROM-VIC S.R.L.,eTenders
S.C. PRESTIGIU-AZ S.R.L.,eTenders
Î.M. PROJECT CONSULTING NETWORK S.R.L.,eTenders
DSRM-3 S.A.,eTenders
S.C. FASCONS PLUS S.R.L,eTenders
AVANTMOTOR-COM S.R.L.,eTenders
Agent de Asigurare ATTERA COMPANY S.R.L.,eTenders
DI & TRADE ENGINEERING S.R.L.,eTenders
GRAFICART S.R.L.,eTenders
S.C. PROMO-SOLUŢII S.R.L.,eTenders
LAXVA COM S.R.L.,eTenders
"Î.M. ""ТÎРĂÎÂЫЙ ДÎМ ""ÎДЕСКАБЕЛЬ-МÎЛДÎÂА"" S.R.L.",eTenders
APOLO SPORT S.R.L.,eTenders
S.C. CRISTRANSCOM S.R.L.,eTenders
CREDO-C S.R.L.,eTenders
SIMCON-LUX S.R.L.,eTenders
S.C. MEDIA SHOW GRUP S.R.L.,eTenders
MS-PROD S.R.L.,eTenders
S.C. CUCURUZ NICOLAE S.R.L.,eTenders
Caisley International GMBH,eTenders
Î.C.S. AGRIMATCO-SERVICE S.R.L.,eTenders
FERTILITATEA-CHIŞINĂU S.A.,eTenders
AGROFERMOTECH S.R.L.,eTenders
SRL ILP,eTenders
ProBusinessNord,eTenders
A.O Centrul International de promovare a femeilor in Business,eTenders
Centrul regional de dezvoltare socio economica,eTenders
HOVERCRAFT S.R.L.,eTenders
S.R.L. VICTAD - VM,eTenders
CARNPRODLUX S.R.L.,eTenders
CORNICONS S.R.L.,eTenders
Î.M. REDOX LAB SUPPLIES S.R.L.,eTenders
S.C. AXEDUM S.R.L.,eTenders
MAXTOM LUX S.R.L.,eTenders
Î.C.S. TACTICAL INTERNATIONAL GROUP S.R.L.,eTenders
S.C. SBC-PROIECT S.R.L.,eTenders
LANITRON S.R.L.,eTenders
SANTEH-TRANS S.R.L.,eTenders
CHEMIX GRUPP S.R.L.,eTenders
VETFARM S.R.L.,eTenders
VENT SISTEM-COMPANIE CLIMATICA S.R.L.,eTenders
S.C. CRISMIRAD S.R.L,eTenders
"FPC ""EXFACTOR-GRUP"" SRL",eTenders
EUROPARC S.R.L.,eTenders
S.C. PROMAGIS-PRIM S.R.L.,eTenders
DELTA CONSTRUCT S.R.L.,eTenders
Î.S. CENTRUL DE METROLOGIE APLICATĂ ŞI CERTIFICARE,eTenders
MEDTEHFARM S.R.L.,eTenders
EUROSERVICES S.R.L.,eTenders
DIAGROS IMOBIL GRUP S.R.L.,eTenders
TRIVENT COM S.R.L.,eTenders
DERMENGI ION ION,eTenders
S.C. ENERGECONOM S.R.L.,eTenders
S.C. GAROMONT-STUDIO S.R.L.,eTenders
S.C. ELECTROTEST-GRUP S.R.L.,eTenders
ELECTROMOTOR-SERVICE S.R.L.,eTenders
DUO-EGO S.R.L.,eTenders
S.C. AERSIS-MF S.R.L.,eTenders
AO ”Asociația Frizerilor din Republica Moldova”,eTenders
CAMERA DE COMERŢ ŞI INDUSTRIE A REPUBLICII MOLDOVA,eTenders
AO ”Asociația Culinarilor Catering Moldova”,eTenders
ALEXION STAR S.R.L.,eTenders
Î.I. COSTIUC LARISA,eTenders
S.R.L. TEHNOSTEL-CAR,eTenders
AQUATEH S.R.L.,eTenders
Vasilachi Ion Constantin GȚ,eTenders
CERNOVA ALINA Î.I.,eTenders
O-Video S.R.L.,eTenders
VLASERCOM S.R.L.,eTenders
S.R.L. ALEXCONSTRUCT,eTenders
RCF-PRIM S.R.L.,eTenders
MEDGLOBALFARM S.R.L.,eTenders
Î.M. SUPRAMED S.R.L.,eTenders
LOZMANGAL-GRUP S.R.L.,eTenders
S.C. ALDOS GRUP S.R.L.,eTenders
GLOBEINVENT S.R.L.,eTenders
MIVERON-COM S.R.L.,eTenders
Lights Up Professional SRL,eTenders
NEOFLORA S.R.L.,eTenders
NICOLAE GH.LUPAŞCU Î.I.,eTenders
FLOWER BLOOM S.R.L.,eTenders
Ecotehlider SRL ,eTenders
FEODORA CONSTRUCT S.R.L.,eTenders
S.R.L. NBU-PROIECT,eTenders
IMPERIAL-SECURITATE S.R.L.,eTenders
RACOVIŢĂ DANIEL Î.I.,eTenders
"Asociația Obștească Consiliile Americane pentru Învățămînt Internațional  Moldova ""AO ACTR-ACCELS""",eTenders
S.C. STEGARES & CO S.R.L.,eTenders
7 SERVICII IMOBILIARE S.R.L.,eTenders
",,Orbita-9,,",eTenders
VEGA-L S.R.L.,eTenders
S.R.L. DIDACT-SV,eTenders
140 DB RENT S.R.L.,eTenders
MEDEFERENT GRUP S.R.L.,eTenders
LOWATT-ELECTRONICS S.R.L.,eTenders
FARMAPRIM S.R.L.,eTenders
Î.C.S. REZLOV-MO S.R.L.,eTenders
F.C.P. REVERSIB SRL,eTenders
Î.M. DECAFARM S.R.L.,eTenders
CEBOTARI STANISLAV GRIGORE,eTenders
Eugen  BASS Systems SRL ,eTenders
S.C. MEDIA MONITORING S.R.L.,eTenders
S.C. CONSFIRMGRUP S.R.L.,eTenders
LOGICALPOINT S.R.L.,eTenders
S.C. STRUCTURAL CONSTRUCT S.R.L.,eTenders
VL CONSULT SERVICE S.R.L.,eTenders
S.R.L. TERMOLIFE,eTenders
S.C. UNIVERSALMONTAJ S.R.L.,eTenders
EURO-SERVICE S.R.L.,eTenders
S.R.L. MUZCAFE PLUS,eTenders
S.R.L. VASSY TRADE,eTenders
S.R.L. GLORIA-QVARC,eTenders
CONSULTING & MANAGEMENT AGENCY S.R.L.,eTenders
S.C. CNG CAR S.R.L.,eTenders
"SRL ""Canindsport",eTenders
S.C. ROLVIT-ND S.R.L.,eTenders
MAZÎLU ANGELA PIOTR,eTenders
JUSTSTUDIUMANIMA S.R.L.,eTenders
VLADALINA S.R.L.,eTenders
PANIFCOOP a URECOOP din Strгєeni,eTenders
COLOTEIA S.R.L.,eTenders
DETRAX-LUX S.R.L.,eTenders
EDITURA DIDACTICĂ LUMINA О.S.,eTenders
MOLDASIG S.A.,eTenders
INCONARM S.A.,eTenders
ACM - MUNCEŞTI S.R.L.,eTenders
S.C. IMONA GRUP S.R.L.,eTenders
S.C. LYCEUM S.R.L.,eTenders
S.R.L. MARSHARCON,eTenders
RĂDOP GRUP S.R.L.,eTenders
S.R.L. MOREAL-PLUS,eTenders
PROINFORM S.R.L.,eTenders
CERVAC TATIANA О.I.,eTenders
BAZA AUTO A CANCELARIEI DE STAT A REPUBLICII MOLDOVA,eTenders
S.R.L. ANDRIMAR - GRUP,eTenders
EUROTOP-PLUS S.R.L.,eTenders
AUTO-PREZENT S.R.L.,eTenders
S.A. UTA-IMPEX S.R.L.,eTenders
S.R.L. CREATIV MEDIA,eTenders
URECOOP DIN STRĂŞENI,eTenders
S.R.L.”Gloria”,eTenders
S.C. LEMFABRIC S.R.L.,eTenders
A.O. Centru Strategii si Politici de Sanatate,eTenders
S.C. BASTER-MEDIA S.R.L.,eTenders
FPC AGENTINTER S.R.L.,eTenders
AMARFII ION VASILE,eTenders
Î.C.S. DELAMODE MOLDOVA S.R.L.,eTenders
ADRIA-MOBIL S.R.L.,eTenders
GȚ-Bîzgan V,eTenders
INTERACCES - M S.R.L.,eTenders
ROCARP CONSTRUCT S.R.L.,eTenders
VITION VERONICA CONSTANTIN,eTenders
CAZACU DOINA RODION,eTenders
Î.I. LUNCAŞU DIANA,eTenders
LORINELA GRUP S.R.L.,eTenders
S.R.L.”Bitunova România”,eTenders
S.R.L. CLEMANTIN,eTenders
TIPOGRAFIA RECLAMA S.A.,eTenders
B.C. MOLDOVA-AGROINDBANK S.A.,eTenders
GARANT DESIGN S.R.L.,eTenders
ECO URBAN S.R.L.,eTenders
Î.M. AUTORITATE GRUP S.R.L.,eTenders
OLTIME S.R.L.,eTenders
CEGOLTAR S.R.L.,eTenders
LEGION-GRUP S.R.L.,eTenders
Centrul de Teatru din Moldova,eTenders
Î.I. BEZNOS VICTOR,eTenders
PACIFIC MOTORS S.R.L.,eTenders
S.C. POLIMONTAJ S.R.L.,eTenders
Î.M. EDIL CONS LENIC S.R.L.,eTenders
OBADĂ GRUP S.R.L.,eTenders
C.C. UNIVERSALCOOP DIN OR.BRICENI,eTenders
CORTAMCOL S.R.L.,eTenders
SRL MONCOMTEX,eTenders
INDUSTRIALPROIECT S.R.L.,eTenders
S.A. REŢELELE TERMICE CAHUL,eTenders
ŞAFRANĂX S.R.L.,eTenders
CEAI-INTER-GRUP S.R.L.,eTenders
S.C. VIOCRIS-IMPEX S.R.L.,eTenders
TIRAMISA S.R.L.,eTenders
F.P.C. ANGROCONSCOM S.R.L.,eTenders
S.R.L. ALEXCEB-SUD,eTenders
GROVEN GRUP S.R.L.,eTenders
S.C. OLTEX-AQUA S.R.L.,eTenders
SLAVENA LUX S.R.L.,eTenders
FABRICA DE BRÎNZETURI DIN CAHUL S.A,eTenders
COOPCONSUM TIGHINA,eTenders
OPM SOLUŢII S.R.L.,eTenders
TRANZIT S.R.L.,eTenders
MENALINA IMPEX S.R.L.,eTenders
Casa de Comerţ NORVID-GRUP S.R.L.,eTenders
S.C. A.D.M.-C. S.R.L.,eTenders
S.R.L. DAVIDANMOBIL,eTenders
REAL PRINT S.R.L.,eTenders
IASICON S.A.,eTenders
S.C. AGRODOR-SUCCES S.R.L.,eTenders
Colibri Media,eTenders
S.R.L. MACDEN PRIM,eTenders
FABRICA OLOI PAK S.R.L.,eTenders
LOVIS ANGRO S.R.L.,eTenders
DIGLA-STIL S.R.L.,eTenders
STAR STORGE S.A.,eTenders
S.R.L. SELEXTEH-SV,eTenders
S.C. ERGOPRIM S.R.L.,eTenders
APAST & CO S.R.L.,eTenders
S.C. VLADOS-COM S.R.L.,eTenders
CODRU-NORD S.A.,eTenders
AMBALAJ-BULBOACA S.A.,eTenders
Î.I. MIHAILUC ANDREI,eTenders
EMS-AC GRUP S.R.L.,eTenders
CANDISGAZ S.R.L.,eTenders
DIDL-RENOVAŢIA S.R.L.,eTenders
NOVADENT S.R.L.,eTenders
S.R.L. VINICER-PRIM,eTenders
INSTITUTUL DE PROIECTARE A SISTEMELOR DE GOSPODĂRIRE A APELOR ACVAPROIECT S.R.L.,eTenders
S.C. MULTIVERS S.R.L.,eTenders
A.I. NIKA-IMOBIL S.R.L.,eTenders
S.C. NEOSCAN GRUP S.R.L.,eTenders
S.C. SILVA TRADING S.R.L.,eTenders
POLISANO PRIM S.R.L.,eTenders
GIESENA S.R.L.,eTenders
S.C. ORSERVITOL S.R.L.,eTenders
BREND AUTO S.R.L.,eTenders
Dita Estfarm S.R.L.,eTenders
GURIN BORIS VASILE,eTenders
Î.I. BARANOV GHEORGHE,eTenders
S.C. ISEGEN-LUX S.R.L.,eTenders
S.C. LUMEA CALITĂŢII S.R.L.,eTenders
OOO ”Regula Baltija”,eTenders
CALIGA VALERIU Î.I.,eTenders
ALPAS-COM S.R.L.,eTenders
"I.Î. ŞCOALA PROFESIONALĂ NR. 3, MUN. CHIŞINĂU",eTenders
I.Î. ŞCOALA PROFESIONALĂ NR.8 mun. Chişinău,eTenders
"I.Î. ŞCOALA PROFESIONALĂ NR.7, MUN CHIŞINĂU",eTenders
ŞCOALA PROFESIONALĂ NR. 9,eTenders
COLEGIUL TEHNOLOGIC DIN OR. CHIŞINĂU,eTenders
Asociația Obștească Insula Speranțelor,eTenders
INSULA SPERANŢELOR S.R.L.,eTenders
RUTCOVSCHI ANDRIEŞ Î.I.,eTenders
LUDMILA-BECU Î.I.,eTenders
S.C. TUDNORD-LUX S.R.L.,eTenders
PLANIFICARE S.R.L.,eTenders
REZERVCOM Î.S.,eTenders
S.R.L. V.A.STRUC,eTenders
S.C. MAXIMOS-PAN S.R.L.,eTenders
"MAGAZINUL UNIVERSAL CENTRAL ""UNIC"" S.A.",eTenders
Î.M. STROYENERGOGRUP S.R.L.,eTenders
SRL Intermed,eTenders
ACGV ENERGOEXPERT SERVICE S.R.L.,eTenders
AGROINDPROIECT S.A.,eTenders
S.C. TOTUL PENTRU COPII S.R.L.,eTenders
S.R.L. VMS-COMPANIE,eTenders
FRABO GRUP S.R.L.,eTenders
INCRUS S.R.L.,eTenders
Sajin MED-M-COMERT SRL Ludmila,eTenders
Î.M. KARCHER S.R.L.,eTenders
SOLOMON COM S.R.L.,eTenders
V.BÎRCA Î.I.,eTenders
ULIM,eTenders
S.R.L. AZALTEND,eTenders
PINZARBANAT S.R.L.,eTenders
CONINSAL S.R.L.,eTenders
YORK-REFRIGERENT S.R.L.,eTenders
VIVACE EXTRA S.R.L.,eTenders
"SRL,, I.L.P.''",eTenders
S.R.L. ŞANGRILA-GRUP,eTenders
S.A. UNITA,eTenders
S.A. INLAC,eTenders
CAVATEH M S.R.L.,eTenders
S.C. ELENA TIMOTINA S.R.L.,eTenders
F.C.I. CAPITAL S.R.L.,eTenders
RUBIN-216 S.A.,eTenders
TODOS ELENA II,eTenders
TOPAL S. Î.I.,eTenders
"""SAFCONS""  ",eTenders
ALLA MARIN MIHAIL,eTenders
RĂDIŢA NICOLAE ŞTEFAN,eTenders
VINĂRIA DIN VALE S.A.,eTenders
S.R.L. MONCOMTEX,eTenders
S.R.L. PAVERGAL - UNIC,eTenders
DEEPLACE S.R.L.,eTenders
ALFA ELECTRO-MONTAJ GRUP S.R.L.,eTenders
LARSAN-NOR S.R.L.,eTenders
S.C. PUBLIC MEDIA GRUP S.R.L.,eTenders
Monitorul fiscal FISC.md,eTenders
DATARIO S.R.L.,eTenders
C.Î. CHIMIVILM,eTenders
GABYLEX S.R.L.,eTenders
S.C. HEGEMON GRUP S.R.L.,eTenders
S.R.L. CESTAR,eTenders
PLEŞCA ELENA Î.I.,eTenders
S.C. REŢELE TERESTRE S.R.L.,eTenders
CONTABIL-SERVICE S.R.L.,eTenders
Monitorul Fiscal FISC.MD,eTenders
S.C. IUNALIS-AGRO S.R.L.,eTenders
S.R.L. LEMSIVAT,eTenders
TANCRAD INTERNATIONAL S.R.L.,eTenders
APROVIZIONARE Î.M.,eTenders
S.R.L. DACROM GRUP,eTenders
UNFLORIA S.R.L.,eTenders
DANT-AGRO S.R.L.,eTenders
S.A. COMBINATUL DE PÎINE DIN BĂLŢI,eTenders
Î.I. SAVCIUC OXANA,eTenders
AVDARMA PROECT S.R.L.,eTenders
PETRU BALAN Î.I.,eTenders
S.C. GASPAR GRUP S.R.L.,eTenders
CRISTEL-SCUTARI Î.I.,eTenders
S.C. ROM-CRIS S.R.L.,eTenders
V.A.Struc,eTenders
Oscan Impex,eTenders
S.R.L. AVICOLA-TEOVERA,eTenders
TANDAREL  GRUP S.R.L.,eTenders
Î.M. Broker de Asigurare - Reasigurare SOCIETE DE COURTAGE S.R.L,eTenders
S.C. TOPTEHIMPEX S.R.L.,eTenders
GLORINAL IMOBIL S.R.L.,eTenders
S.R.L. AGRO AVANTAJ,eTenders
Î.I. ŞCHIOPU LUDMILA,eTenders
S.R.L. TOTAL RADIO,eTenders
GEMBIRD S.R.L.,eTenders
VOTCONSTRUCT S.R.L.,eTenders
IULICONS GRUP S.R.L.,eTenders
LEGGORN SA,eTenders
DOCITA-PRIM S.R.L.,eTenders
COSTOVA MARIA Î.I.,eTenders
COOPERATIVA DE CONSUM DIN NISPORENI,eTenders
S.C. LUCEAFĂRUL DE SEARĂ S.R.L.,eTenders
GO MEDIA S.R.L.,eTenders
Î.I. LIPOVAN-VECTRA,eTenders
INDUSTRIALCAR-COM S.R.L.,eTenders
S.C. PRO VITEXTOP S.R.L.,eTenders
BEVVIS S.R.L.,eTenders
Sanatoriul NUFĂRUL ALB S.R.L.,eTenders
O.P.P. ALFIN-PROTECT S.R.L.,eTenders
S.C. DIROVE-NORD S.R.L.,eTenders
S.R.L. EXIVLADIM,eTenders
Î.C.S. O.P. ARGUS-S S.R.L.,eTenders
EUROTIR-TRANS S.R.L.,eTenders
DIN-VEST S.R.L.,eTenders
TESTOR S.R.L.,eTenders
S.C. DENTAL MARKET S.R.L.,eTenders
TOPLIDER S.R.L.,eTenders
S.A. DRUMURI-BRICENI,eTenders
NOBIL INVEST S.R.L.,eTenders
MAHU VASILE ALEXANDRU,eTenders
"A.F.Marcotec Bucuresti - Consulting, Engineering, Marketing S.R.L.",eTenders
S.C. EUROPLAST S.R.L.,eTenders
PRINT-CARO S.R.L.,eTenders
SUPRATEN S.A.,eTenders
OBRIJANU GHENADIE ALEXANDRU,eTenders
DAAC-AUTOTEST S.R.L.,eTenders
S.R.L. VAROS-PAN,eTenders
Î.M. TRIMARAN S.R.L.,eTenders
S.R.L. LEOSAD-PLUS,eTenders
S.C. NEUROMED-TEST S.R.L.,eTenders
S.R.L. ENDOSONOMED,eTenders
S.R.L. DAMITEX GRUP,eTenders
Dzeţul Lilian ,eTenders
Agenţia de Pază BAY KUŞ S.R.L.,eTenders
S.R.L. ALFIN SERVICE,eTenders
FORTRESS S.R.L.,eTenders
ARSENAL-GRUP S.R.L.,eTenders
Î.M. ALIMPRODAN,eTenders
S.C. PETRAN-COM S.R.L.,eTenders
"""Deleu - Delev""",eTenders
"Filiala Întreprinderii de Stat ""Poşta Moldovei"", Centrul de Poştă Bălţi",eTenders
"""Moldpresa Grup""",eTenders
MONOTIP S.A.,eTenders
Î.I. BUDNEA RODICA,eTenders
COMBINATUL DE PANIFICAŢIE FĂLEŞTI,eTenders
S.C. GAL TRANSERVICE S.R.L.,eTenders
BORINTEX S.R.L.,eTenders
VIDEOZOOM S.R.L.,eTenders
Fundaţia de Binefacere Casa Providenţei,eTenders
FLONA S.R.L.,eTenders
PARAMETIMPEX S.R.L.,eTenders
MILIOM AUTO S.R.L.,eTenders
S.R.L. REAL-PROGRES,eTenders
S.C. PROSENIX - CON S.R.L.,eTenders
S.R.L. STELELE VIITORULUI,eTenders
MOBIASTRUM S.R.L.,eTenders
MOORE STEPHENS KSC S.R.L.,eTenders
DRUMURI-RÎŞCANI S.A.,eTenders
S.A. TIPOGRAFIA-HÎRTIE,eTenders
PROLEOCONSTRUCT S.R.L.,eTenders
C.C. UNIVERSCOOP LEOVA,eTenders
ASOCIAȚIA BIBLIOTECARILOR DIN REPUBLICA MOLDOVA,eTenders
S.C. AVATARUS S.R.L.,eTenders
S.R.L. STUDIO - L,eTenders
CVADRANT SRL,eTenders
P.P. PRIER INFO S.R.L.,eTenders
S.R.L. PODGORENI-PLUS,eTenders
LIMTEX-PRIM S.R.L.,eTenders
VOYAGE PRESTIGE S.R.L.,eTenders
DESERVIRE-ORHEI S.A.,eTenders
CENTRUL DE SĂNĂTATE PUBLICĂ RAIONAL ORHEI,eTenders
UISPAC S.R.L.,eTenders
MARKET-PRIM NR.15 S.R.L.,eTenders
OLIUM-GOGU S.R.L.,eTenders
S.C. ANDIX S.R.L.,eTenders
S.R.L. APĂ BUNĂ TRADE,eTenders
NOUR VASILE Î.I.,eTenders
C.C. UNIVERSALCOOP DIN CEADÎR-LUNGA,eTenders
P.P. CURIERUL DE HÎNCEŞTI S.R.L.,eTenders
"SRL ""Expodesign & Consulting""",eTenders
ANALITICMED SRL,eTenders
CENTRUL DE SĂNĂTATE PUBLICĂ MUNICIPAL BĂLŢI,eTenders
NEGA S.R.L.,eTenders
S.C. SAMOIL-COM S.R.L.,eTenders
Î.C.S. EUGEDIS S.R.L.,eTenders
PARCUL URBAN DE AUTOBUZE Î.M.,eTenders
PUBLICAŢIA PERIODICĂ A CONSILIULUI RAIONAL RÎŞCANI EVENIMENT - ACTUAL I.M.,eTenders
P.P. ZIARUL CURIERUL DE EDINEŢ - MEDIAGRUP S.R.L.,eTenders
S.C. EVENTUS-PRIM S.R.L.,eTenders
Î.S. DETAŞAMENTUL DE PAZĂ PARAMILITARĂ,eTenders
S.R.L. PROGRESOR-GRUP,eTenders
F.P.C. NORD-IMPEX S.R.L.,eTenders
S.C. MAVLALUX-ELECTRIC S.R.L.,eTenders
IKA-EXPERT S.R.L.,eTenders
Î.M. CHÂTEAU VARTELY S.R.L.,eTenders
"COMBINATUL DE VINURI DE CALITATE ""MILEŞTII MICI"" Î.S.",eTenders
S.R.L. VATRA,eTenders
SOFINIC S.R.L.,eTenders
Regula Baltija OOO,eTenders
S.A. INCOMLAC,eTenders
S.R.L. PRO MEDIA,eTenders
P.P. GAZETA DE SUD S.R.L.,eTenders
S.C. BIOMEDSERVICE S.R.L.,eTenders
COTUNĂ R.A. Î.I.,eTenders
S.R.L. GOLD-CONSTRUCT,eTenders
Î.I. SINDI-TAMOJNIC,eTenders
FLORMODERN S.R.L.,eTenders
FRIGUŞOR-CHIOSA Î.I.,eTenders
GALORES S.R.L.,eTenders
AGROPIESE TGR GRUP S.R.L.,eTenders
S.A. DAAC-OLIMP,eTenders
MERINDE-COM S.R.L.,eTenders
GRUP VICOLIV  SRL,eTenders
TAROL-DD S.R.L.,eTenders
Î.I. SCORPION-MATRENCIUC,eTenders
S.R.L. MC-CONSULTING,eTenders
GENTILOM S.R.L.,eTenders
Î.S. CENTRUL DE TELECOMUNICAŢII SPECIALE,eTenders
ADRIGA-VIS S.R.L.,eTenders
REPELCOM S.R.L.,eTenders
Mediclim SRL,eTenders
Î.I. CHEPTEA I.G.-DENTAURUM,eTenders
A.S.T. S.R.L.,eTenders
S.C. INSTEL-PRIM S.R.L.,eTenders
S.R.L. VAMZID-GRUP,eTenders
I.L.P. SRL,eTenders
S.R.L. RENIUR - CONS,eTenders
S.C. SETIMETO GRUP S.R.L.,eTenders
DAGAZ&FEHU S.R.L.,eTenders
SRL Tipografia din Bălți,eTenders
Î.I. OXANA EDINAC,eTenders
S.R.L. LORANCE,eTenders
S.C. AMBIANT CLIMAT S.R.L.,eTenders
ADG AUTO TRANS S.R.L.,eTenders
COOP UNIVERSALCOOP CANTEMIR,eTenders
CONIG PRIM S.R.L.,eTenders
S.C. EXPOCOSTAS S.R.L.,eTenders
S.C. CASACR S.R.L.,eTenders
S.C. NETSISTEM S.R.L.,eTenders
RAPID CURIER S.R.L.,eTenders
S.C. MEGARESURS-COM S.R.L.,eTenders
Î.S. Servicii Pază a MAI,eTenders
SOVILERUS S.R.L.,eTenders
P.P. PATRIA,eTenders
Î.M. BIROUL ARHITECTURĂ ŞI SISTEMATIZARE,eTenders
"Institutia Privata ""Editura ARC""",eTenders
ŞTIINŢA О.S.E.P.,eTenders
Asociatia Obsteasca Princeps,eTenders
CARTIER S.R.L.,eTenders
S.C. PĂRTAŞ S.R.L.,eTenders
S.C. LANJERONIC S.R.L.,eTenders
S.C. OLPOLEMN S.R.L.,eTenders
MEVALEX S.R.L.,eTenders
C.P. SVIMUN - PRIM,eTenders
S.C. ARHIDOC S.R.L.,eTenders
S.C. ELECTROPRIM-RS S.R.L.,eTenders
SC Revismed SRL,eTenders
SC VODIMEDICOR SRL,eTenders
SC Casa-Invest SRL,eTenders
S.R.L. TAMIR,eTenders
S.R.L. ARTSINTEZ MEDIA,eTenders
NICONTAX GRUP DESIGN S.R.L.,eTenders
ANDIRA-PRIM S.R.L.,eTenders
Î.M. ĂИПРÎСТРÎЙМÎСТ-М S.R.L.,eTenders
BUSINESSCOM STAR S.R.L.,eTenders
GRIBINCEA LILIA IVAN,eTenders
CASIAN TAMARA TRIFON,eTenders
Vadim Colţov ,eTenders
Vadim  Colţov ,eTenders
S.S.M.-CONSULTING S.R.L.,eTenders
RE-AKTIV LLC,eTenders
Î.C.S. Societatea de Audit BDO AUDIT & CONSULTING S.R.L.,eTenders
S.R.L. DINGENARUL,eTenders
CIREŞAR-ŞTEFĂNICĂ О.I.,eTenders
V.COLUN О.I.,eTenders
ASGARDAN-GRUP S.R.L.,eTenders
UNIVERS  EDUCAŢIONAL S.R.L.,eTenders
CANINDSPORT S.R.L.,eTenders
USFRUMAX S.R.L.,eTenders
LINCONS S.R.L.,eTenders
GHEVIANU-M S.R.L.,eTenders
S.C. MARTILINA S.R.L.,eTenders
S.R.L. CONSTRUCTORUL,eTenders
LEMNAR S.A.,eTenders
GAZCON GRUP S.R.L.,eTenders
S.C. DIDAC-COM S.R.L.,eTenders
UICM,eTenders
"Asociația Patronală Federația Patronală a Constructorilor, Drumarilor și a Producătorilor materialelor de Construcţie ”Condrumat”",eTenders
INMACOMPROIECT S.A.,eTenders
INSTITUTUL DE GEOLOGIE ŞI SEISMOLOGIE A  AL AŞM,eTenders
S.C. VICONS-SERVICE S.R.L.,eTenders
S.C. OZUN-CONS S.R.L.,eTenders
PIACENTI RESTAURARE S.R.L.,eTenders
ZAGAICIUC FIODOR О.I.,eTenders
SilvaTrading SRL,eTenders
NANDOS S.R.L.,eTenders
PROIECT GABION S.R.L.,eTenders
S.R.L. ASINV,eTenders
EPIGRAF SRL,eTenders
WHITE STAR S.R.L.,eTenders
S.C. IT SERVICE PRO S.R.L.,eTenders
S.R.L. CRASTEIA-AURICA,eTenders
PERPETUUM S.R.L.,eTenders
MATCON-MOTRICALA S.A.,eTenders
S.R.L. MACELARIA,eTenders
Î.I. MARDARI POLINA VASILE,eTenders
MARIA GLODEANU S.R.L.,eTenders
MOLDTRANS-TUR S.R.L.,eTenders
FIRMA CLEBER S.R.L.,eTenders
NICA S.R.L.,eTenders
S.C. PLASTEXIM - NORD S.R.L.,eTenders
SANINTRADE S.R.L.,eTenders
SMART ID DYNAMICS S.R.L.,eTenders
VLADIMIR DOROGAN Î.I.,eTenders
AGROFIRMA UNIVERSAL S.R.L.,eTenders
S.R.L. ANGRO-SUD,eTenders
"DIRECŢIA ÎNVĂŢĂMÎNT, TINERET ŞI SPORT CĂLĂRAŞI",eTenders
S.C. VLACOTAL S.R.L.,eTenders
COOP REMONTNIC,eTenders
GENESIS INTERNATIONAL S.R.L.,eTenders
CREDO INDUSTRY S.R.L.,eTenders
PULTUSK INVEST S.R.L.,eTenders
BEŞETE NICOLAE Î.I.,eTenders
CONSTRUCT AGENT GRUP S.R.L.,eTenders
OLGA CEBAN Î.I.,eTenders
ALEX-B S.R.L.,eTenders
S.R.L. STARLINE TEXTILE,eTenders
Î.C.S. ARGUS-TEH S.R.L.,eTenders
DENVAR GRUP S.R.L.,eTenders
SUD-TERRA S.R.L.,eTenders
TASANHEIA DIO S.R.L.,eTenders
"Compania SRL ""Albinstal"" ",eTenders
DAMICOM S.R.L.,eTenders
S.C. CUŞMĂRICA S.R.L.,eTenders
S.R.L. ACVADEM,eTenders
MODERNUS S.A.,eTenders
SV-DRIVE S.R.L.,eTenders
BICOMPLEX S.R.L.,eTenders
S.R.L. CONTROL & SERVICE,eTenders
S.R.L. ELECTROSTRAT,eTenders
BNV S.R.L.,eTenders
S.C. UNCONSALEX S.R.L.,eTenders
MAGISTRALA PRUT S.R.L.,eTenders
S.C. ROAUTO-PLUS S.R.L.,eTenders
CITY BROKER S.R.L.,eTenders
Î.I. IURCU ANA,eTenders
MEDIA TEHNOLOGY S.R.L.,eTenders
F.P.C. BASM SRL,eTenders
Î.M. GLUCK S.R.L.,eTenders
VICOLIV GRUP S.R.L.,eTenders
LAVIX S.R.L.,eTenders
CENTRUL PENTRU STANDARDIZAREA ŞI EXPERIMENTAREA CALITĂŢII PRODUCŢIEI DE CONSERVE Î.S.,eTenders
CENTRUL NAŢIONAL DE VERIFICARE A CALITĂŢII PRODUCŢIEI ALCOOLICE Î.S.,eTenders
IT-LAB GRUP S.R.L.,eTenders
DIUXINOL S.R.L.,eTenders
COOP COOPALIMENTAŢIE A URECOOP DIN STRĂŞENI,eTenders
GLOBAL TRANS CONSTRUCTION S.R.L.,eTenders
S.C. CONSCOMVAL S.R.L.,eTenders
BERHORD FARMED S.R.L.,eTenders
ANSERGLOB S.R.L.,eTenders
IONEL-GROSU Î.I.,eTenders
BLOCNOTES S.R.L.,eTenders
Î.M. DIRECŢIA REPARAŢII ŞI CONSTRUCŢII DRUMURI BĂLŢI,eTenders
Centrul Regional de Consultații în Busines,eTenders
S.C. ZIKKURAT-CONSTRUCT S.R.L.,eTenders
Camera de Comerț si Industrie a Republicii Moldova,eTenders
SIDIS S.R.L.,eTenders
EXPERT-ONLINE S.R.L.,eTenders
Transcendence Systems Group SRL,eTenders
CAD EXPERT S.R.L.,eTenders
S.A. DRUMURI-COMRAT,eTenders
AUTODACUV S.R.L.,eTenders
VILLA PRODOTTI S.R.L.,eTenders
EL-PA PRODEXIM S.R.L.,eTenders
S.C. AVANTCONS GRUP S.R.L.,eTenders
SIJA - PRIM S.R.L.,eTenders
S.C. SanduNelu S.R.L.,eTenders
S.R.L. BAGUETTE,eTenders
Nipetgal SRL,eTenders
F.P.C. SIDVA-V S.R.L.,eTenders
BÎNZARI GHEORGHE ION,eTenders
PLAGRISFAM S.R.L.,eTenders
S.C. SEROLAN S.R.L.,eTenders
EDIF-CONSTR S.R.L.,eTenders
BASLIFT S.R.L.,eTenders
Î.C.S. AMER INTERNAŢIONAL S.R.L.,eTenders
"SRL ,,ILP""",eTenders
LEOGRAND HOTEL S.R.L.,eTenders
SCAVOLIN S.R.L.,eTenders
S.C. ORMOSCONS S.R.L.,eTenders
ARTSINTEZ MEDIA S.R.L.,eTenders
COOPERATIVA DE CONSUM DIN OR.CEADIR-LUNGA,eTenders
SIRETSERVICE S.R.L.,eTenders
S.C. TEHNOSIMPLEX S.R.L.,eTenders
CONSTILPLUS S.R.L.,eTenders
S.R.L. BLAVED - CONSTRUCT,eTenders
LOKMERA S.R.L.,eTenders
Î.I. LOZAN SERGIU,eTenders
Cooperativa de consum UNIVERSALCOOP Anenii Noi,eTenders
ARDAN-RUT S.R.L.,eTenders
VSN CONS S.R.L.,eTenders
INMACOMPROIECT S.R.L.,eTenders
S.R.L. PROAER CONCEPT,eTenders
ABI-GRUP S.R.L.,eTenders
S.C. PATPANEX S.R.L.,eTenders
S.C. NORDMONTAJ-PRIM S.R.L.,eTenders
ROMAN & EMEŢ S.R.L.,eTenders
S.C. ARIESPLAST S.R.L.,eTenders
LARIDAN LUX S.R.L.,eTenders
INCERCOM Î.S.,eTenders
GRADIENT-CO S.A.,eTenders
INSTITUTUL DE GEOLOGIE ŞI SEISMOLOGIE AL AŞM,eTenders
SLAVLILSERVICE S.R.L.,eTenders
Uniunea Inginerilor Constructori din Moldova,eTenders
"Federatia Patronala a Constructorilor, Drumarilor si a Producatorilor Materialelor de Constructie",eTenders
"CENTRUL DE INGINERIE, ECONOMIE ŞI MANAGEMENT ÎN CONSTRUCŢII S.R.L.",eTenders
MICROMED S.R.L.,eTenders
TOTAL MEDICAL SYSTEMS S.R.L.,eTenders
VIZOL-STUDIO S.R.L.,eTenders
DONAU LAB S.R.L.,eTenders
Î.I. GÎNCU ALEXANDRU,eTenders
SC EUROPEAN FUNDS INVEST SRL,eTenders
CONSEUROSTIL S.R.L.,eTenders
S.C. NELIMOT-COM S.R.L.,eTenders
COVEŞNICOV ALEXANDR PAVEL,eTenders
DROFA-GRUP S.R.L.,eTenders
S.R.L. DANLEVITA,eTenders
S.R.L. MT INTERNATIONAL GROUP,eTenders
S.C. IT-RELAX S.R.L.,eTenders
Lismedfarm S.R.L.,eTenders
PANFIL LIDIA MIHAIL,eTenders
Î.M. CONCERT-BIS S.R.L.,eTenders
PROTERRA GRUP S.R.L.,eTenders
LACATUŞ S.R.L.,eTenders
NETLINK-GRUP S.R.L.,eTenders
TRANSENERGOGRUP S.R.L.,eTenders
S.C. ALGRACOM S.R.L.,eTenders
VICANGRUP S.R.L.,eTenders
X-SERVICE S.R.L.,eTenders
ECOCITY S.R.L.,eTenders
ÎNTREPRINDEREA DE REPARARE ŞI EXPLOATARE AUTO S.R.L.,eTenders
FPC GANSGRAND S.R.L.,eTenders
Î.C.S. EDUCATIONAL CENTRE S.R.L.,eTenders
”Xpert PC” SRL,eTenders
ANREAL CONS S.R.L.,eTenders
RINA SIMTEX Organismul de Certificare SRL,eTenders
VILOTERM S.R.L.,eTenders
Î.C.S. SGS (MOLDOVA) S.A.,eTenders
S.C. GRIFEVIC S.R.L.,eTenders
FIRMA PRIMA-FICHIR S.R.L.,eTenders
S.C. INLIMAR PRIM S.R.L.,eTenders
ÎS Combinatul Poligrafic din Chișinău,eTenders
Grafic Design SRL,eTenders
SA CRIO,eTenders
Întreprinderea de Stat Firma editorial-poligrafică Tipografia Centrală,eTenders
SC Elan Poligraf SRL,eTenders
INGEEA S.R.L.,eTenders
DSI CONSTRUCT GRUP S.R.L.,eTenders
S.R.L. EVRIDICA-COM,eTenders
S.C. ENI EV S.R.L.,eTenders
SALONICA S.R.L.,eTenders
S.R.L. CĂTĂDENI-LUX,eTenders
CONSTRUCTIV GRUP S.R.L.,eTenders
S.R.L. VERIX-GRUP,eTenders
COFINI INTERMED S.R.L.,eTenders
S.C. SISTEMBLOC-CONSTRUCT S.R.L.,eTenders
S.C. GLOBALCONECT S.R.L.,eTenders
TERMOGAZGRUP S.R.L.,eTenders
S.R.L. MARIALEXPRIM,eTenders
S.R.L. AUTO-INTERNAŢIONAL,eTenders
ORFONOX S.R.L.,eTenders
KVM CONS S.R.L.,eTenders
F.P.C. PRIMEX-COM S.R.L.,eTenders
S.A. FAUR-CONSTRUCTOR,eTenders
Î.I. START-CEBOTARI,eTenders
S.R.L. AUTODEL TRANS,eTenders
SRL Chigheon,eTenders
SRL Dinocta,eTenders
S.C. CATERPILAR S.R.L.,eTenders
IANITOR S.R.L.,eTenders
FEDION-COM,eTenders
Comalion LCA S.R.L.,eTenders
S.C. TEHNOGAZMONTAJ S.R.L.,eTenders
F.P.C. FAITEC-M S.R.L.,eTenders
Agromașina,eTenders
CONSVITRALIU S.R.L.,eTenders
S.R.L. DIXIM CONSTRUCT,eTenders
VALENSCOR-DESIGN S.R.L.,eTenders
S.C. PROFMEŞTER S.R.L.,eTenders
GREEN ENGINEERING S.R.L.,eTenders
"SRL ""GOLIAT-VITA""",eTenders
"SC ""VELTEX PLUS"" SRL",eTenders
"SRL ""VMS-COMPANIE""",eTenders
SÎRBU IGOR MIHAIL,eTenders
ESEMPLA SYSTEMS S.R.L.,eTenders
R-MOBI PLUS S.R.L.,eTenders
ICS Bemol Retail SRL,eTenders
S.C. TINCOMERŢ-GRUP S.R.L.,eTenders
EL-PA Prodexim SRL,eTenders
Sogno S.R.L.,eTenders
Ghermed-K  S.R.L.,eTenders
Ericon S.R.L.,eTenders
Sanfarm-Prim SRL,eTenders
Cofini Intermed S.R.L.,eTenders
"SRL,,Pascolina""",eTenders
"Compania de Distribuție ,,Vladalina""SRL",eTenders
"SC,,Daniela Bujor""SRL",eTenders
"Casa de Comerț ,,Vita""SRL",eTenders
Nipetgal,eTenders
"ÎCP,,Panifcoop a URECOOP Strășeni""",eTenders
",,Carnprodlux""SRL",eTenders
"SC,,Brodețchii""SRL",eTenders
NICANAS S.R.L.,eTenders
",,Ericon""SRL",eTenders
",,Sogno""SRL",eTenders
COOPERATIVA DE CONSUM DIN ŢAREUCA,eTenders
",,Ghermed-K""SRL",eTenders
"FPC,,Sogno""SRL",eTenders
",,Cofini Intermed""SRL",eTenders
"IM,,Vivamed International""SRL",eTenders
DEZFARMTEH,eTenders
DEZMED CV,eTenders
ERICON,eTenders
Rihpangalfarma,eTenders
EXIMOTOR SA,eTenders
DROSTAL S.R.L.,eTenders
GERMAN GROUP S.R.L.,eTenders
INDUSTRY SRL CREDO ,eTenders
S.R.L. MONSANCONS,eTenders
S.C. BETON SERVICE S.R.L.,eTenders
"""AV-MACROCOM""",eTenders
ANDREI RUSNAC PAVEL,eTenders
S.R.L. EXPERT-CONSTRUCT,eTenders
S.C. TEHNOCOMPLEX S.R.L.,eTenders
ÎMS Liftservice,eTenders
"GT ,,Bizdiga Vadim Vasile""",eTenders
AGROMAŞINA S.A.,eTenders
S.R.L. EUROCITY CONSTRUCT,eTenders
EXPERTEX S.R.L.,eTenders
NALAD-CA-COMERT,eTenders
SRL BALNEO-EXPRES,eTenders
DIM-JAN OCHINCA Î.I.,eTenders
AO Centrul International pentru protectia si promovarea drepturilor femeii La Strada,eTenders
IM Vivamed Internațional SRL,eTenders
MEDEC-SERVICE SRL,eTenders
CONFINI-INTERMED S.R.L.,eTenders
PreciTest Com,eTenders
BIOMEDICAL ,eTenders
SOR BUILD GROUP S.R.L.,eTenders
I.C.S. FARMINA S.R.L.,eTenders
S.C. MAISTCONS GRUP S.R.L.,eTenders
DELIA TRANS S.R.L.,eTenders
AVISISTEM S.R.L.,eTenders
S.C. GAMA-VILO SERVICE S.R.L.,eTenders
S.C. REPROMED S.R.L.,eTenders
STRONGHOLD S.R.L.,eTenders
TERMOSISTEM S.R.L.,eTenders
Serghei Ganenco Andrei,eTenders
Neomatrix,eTenders
ООО «Приморье»,eTenders
"SRL ""Cristas-M""",eTenders
"SRL ""Bucuria-Sind""",eTenders
ÎS MEDISAN,eTenders
AGROPROFI-TECH S.R.L.,eTenders
S.A. MOLDAGROTEHNICA,eTenders
COMBUSGAZ S.R.L.,eTenders
DUMISTROY S.R.L.,eTenders
REGAL-RENT S.R.L.,eTenders
3 S GRUP S.R.L.,eTenders
SA ARTMET,eTenders
VIALS-TEH S.R.L.,eTenders
SIMCOMTEX SRL,eTenders
"""TINCOMERŢ-GRUP"" SRL",eTenders
NiRom-Roz SRL,eTenders
Dat-Con d.o.o.,eTenders
SC „Foremcons” SRL,eTenders
Constrong SRL,eTenders
CONSTRUCTORUL-SUD SA,eTenders
T&T EMPRIO GROOP S.R.L.,eTenders
CEBASCOM S.R.L.,eTenders
ESTARCTIC S.R.L.,eTenders
ABS S.R.L.,eTenders
SA Piscicola Gura Bicului,eTenders
DORVIAUTO S.R.L.,eTenders
S.R.L. Agrovec-Prim,eTenders
AERO TRAVEL S.R.L.,eTenders
EAST-AUTO-LADA ,eTenders
ÎC.S. „RELIABLE SOLUTIONS DISTRIBUTOR” S.R.L.,eTenders
A.S. IMPEX S.R.L.,eTenders
Combinatul Poligrafic din Chişinău,eTenders
Ghibeona-Plus ,eTenders
Tipografia Academiei de Ştiinţe a Moldovei,eTenders
Tipografia Centrală,eTenders
Limani Grup SRL,eTenders
PRIMOBIL-LUX SRL,eTenders
VMS Companie SRL,eTenders
B.C. Moldindconbank S.A.,eTenders
LOZVAL CONSTRUCT S.R.L.,eTenders
"SA,,Drumuri -Orhei,,",eTenders
EPIC LAND S.R.L.,eTenders
"SRL ,,CHIGHEON""",eTenders
TURVIEN C.P.,eTenders
LIFESTAR-COM SRL,eTenders
ÎI„PĂDUREȚ ALEXANDRU”,eTenders
S.C. IUNINS-COM S.R.L.,eTenders
AVANTCONS GRUP SRL,eTenders
ÎCS Eyecon Medical SRL,eTenders
Vipromed Service SRL,eTenders
SRL „PPE”,eTenders
Societatea cu Răspundere Limitată „CONVIOT”,eTenders
BASS SYSTEMS SRL,eTenders
Vitalcomus,eTenders
MIGALEX-COM S.R.L.,eTenders
ZEPTER INTERNAȚIONAL,eTenders
RESTMED,eTenders
VIPROMED SERVICE,eTenders
PENTA TRADING,eTenders
SA ”Codru-Nord”,eTenders
ABS,eTenders
S.R.L.”Simbo – Proiect”,eTenders
Fundația de Binefacere Moldo-Germană pentru Protecția Animalelor ”LAIKA”,eTenders
DAAC AUTO SRL,eTenders
"S.R.L. ""Neotec""",eTenders
"S.R.L.,,Universinj,,",eTenders
PF COM Speranta,eTenders
Î.S. Cobinatul Poligrafic din Chișinău,eTenders
CONS ART ENGINEERING S.R.L.,eTenders
SRL ”DAAC-AUTOSPORT”,eTenders
"SRL ,,Badprim,,",eTenders
Eximotor SA,eTenders
Agenția de Presă ”Info-Prim Neo”,eTenders
"FPC,,Prodomus,,",eTenders
Auto-Prezent SRL,eTenders
S.C. BROKGOLD S.R.L.,eTenders
GOLIAT-VITA SRL,eTenders
LIMANI-GRUP SRL,eTenders
ADOR MOBILA SRL,eTenders
S.R.L.”Lincons”,eTenders
S.R.L. ”Tetis International Co”,eTenders
S.R.L. ”OSCAN IMPEX”,eTenders
S.R.L. ”Hendrix Bail”,eTenders
SPECTRUM INTERNATIONAL,eTenders
"SRL ""Dinocta""",eTenders
SRL”TehGaz Grup”,eTenders
"ICS,,Diamedix Impex''SRL",eTenders
"S.R.L.,,Nisprofcon,,",eTenders
DAAC-AUTO SRL,eTenders
"S.R.L.""FLUXMEŞTER-V.A.""",eTenders
TRIS S.R.L.,eTenders
VEC SRL,eTenders
ARSEC S.R.L.,eTenders
CASA DE COMERT VITA,eTenders
Vladalina SRL,eTenders
ICP PANIFCOOP a URECOOP Straseni,eTenders
ÎDT BARDAR,eTenders
SNEJANA CEBOTARI,eTenders
DANIELA BUJOR,eTenders
BRODETCHI,eTenders
NIPETGAL,eTenders
AUTOSERVICE GAZ PRIM S.R.L.,eTenders
MEDEC-SERVICE S.R.L.,eTenders
AO ProBusinessNord,eTenders
S.R.L. DATARIO,eTenders
ÎS ”Poșta Moldovei”,eTenders
SRL ”Moldpresa Grup”,eTenders
"CASA DE COMERŢ ""VITA"" S.R.L.",eTenders
ŞTEVIPROD S.R.L.,eTenders
ÎDT din BARDAR S.A.,eTenders
DANIELA BUJOR S.R.L.,eTenders
"SRL ""MOLDSERCON""",eTenders
AUDIT-COMPLEX SRL,eTenders
ISAP Cantina Liceist,eTenders
II Costiuc Larisa,eTenders
ISAP Rîșcani-ȘC,eTenders
ISAP Bucuria-EL,eTenders
ÎSAP Asdollescența,eTenders
ÎCS LAPMOL SRL,eTenders
NIPETGAL SRL,eTenders
ÎCP PANIFCOOP STRĂŞENI,eTenders
VILLA PRODOTTI SRL,eTenders
S.C. CRILINA S.R.L.,eTenders
SRL ”Sor Build Group”,eTenders
CALBOR GRUP SRL,eTenders
SA EXIMOTOR,eTenders
ARSEC. S.R.L.,eTenders
VARGUS GRUP S.R.L.,eTenders
VLADALINA SRL,eTenders
SA AUGUR PERLA,eTenders
TIRAMISA SRL,eTenders
FPC ROGOB SRL,eTenders
PLAI MERENI SRL,eTenders
SRL NIPETGAL,eTenders
CARNPRODLUX SRL,eTenders
SNIPER ELITE S.R.L.,eTenders
IC SOFT S.R.L.,eTenders
Dagaz Fehu,eTenders
SRL Terrasistem,eTenders
NaladCa Comert SRL,eTenders
"SA ""CONSTRUCTORUL""",eTenders
Artmet SA,eTenders
Vials-Teh SRL,eTenders
LIMANI GRUP SRL,eTenders
Nord-Universal,eTenders
SRL Anreal Cons,eTenders
SRL „LEVPROCONS”,eTenders
"SRL ""Anstelux""",eTenders
"SRL ""VIALS-TEH""",eTenders
SRL Expert-Construct,eTenders
Vila Prodotti SRL,eTenders
COLPRODCOOP DIN ORHEI A MOLDCOOP,eTenders
OSCAN IMPEX SRL,eTenders
Casa de Comerţ VITA SRL,eTenders
PLAI-MERENI SRL,eTenders
ÎCP Panifcoop,eTenders
SRL ”Eximdor”,eTenders
MGM,eTenders
Inox Plus,eTenders
Dina Cociug,eTenders
"SRL ""VipartPlus""",eTenders
"""Vivamed Internaţional"" SRL",eTenders
GERMAN GROUP,eTenders
APITECHNO S.R.L.,eTenders
SRL “Galicus”,eTenders
IMS Liftservice SRL,eTenders
SRL Slavena Lux,eTenders
CONSUMCOOP din Ceadir-Lunga,eTenders
ÎI Costova Maria,eTenders
ÎCS Lapmol SRL,eTenders
S.C.  “Ingeea” SRL ,eTenders
SRL Biomedical,eTenders
DANIELA BUJOR SRL,eTenders
OLIUM-GOGU SRL,eTenders
SIJA-PRIM SRL,eTenders
ICS ”TehGaz Grup” SRL,eTenders
CLIMACONSTRUCT S.R.L.,eTenders
„DVS SERVICE„ SRL,eTenders
SA Electrocon,eTenders
MGM SRL,eTenders
DINA-COCIUG SRL,eTenders
SERVICII CURATENIE SRL,eTenders
ICS EL-PAPRODEXIM srl,eTenders
VITA,eTenders
Dana Bujor SRL,eTenders
Panifcoop Straseni,eTenders
ICS United Electric Industry SRL,eTenders
"SRL ""APAST&CO""",eTenders
SC TIRAMISA SRL,eTenders
Î.S.A.P ”Bucuria El”,eTenders
Fundația de Binefacere ”Casa Providenței”,eTenders
Primavia Exim SRL,eTenders
SA Fabrica de Unt din Floreşti,eTenders
ICCPC Colprodcoop din Orhei,eTenders
SC Villa Prodotti,eTenders
Fabrica de unt din Floresti SA,eTenders
ICS LOGITEX-FUTURE SRL,eTenders
SRL „Megaresurs Com”,eTenders
SRL Stelpart,eTenders
SRL Bare,eTenders
Editura Prut Internațional,eTenders
Tetis International Co SRL,eTenders
Sogno SRL,eTenders
SC Darconstruct MRVD SRL,eTenders
Ghermed - K SRL,eTenders
S.A. ”CONSTRUCTORUL”,eTenders
"SRL ,,Ruditim""",eTenders
"SRL ,,Simcomtex""",eTenders
Almira,eTenders
ABS SRL,eTenders
Medeferent Grup SRL,eTenders
RihPanGalFarma SRL,eTenders
SanFarm-Prim SA,eTenders
Distrimed SRL,eTenders
"SRL ""ELLIVO""",eTenders
RESTAURATORUL S.A.,eTenders
PSP ONLINE S.R.L.,eTenders
PROINCON S.R.L.,eTenders
S.C. CAMIAR- DESIGN S.R.L.,eTenders
BREAHNĂ DORIN TUDOR,eTenders
EDITURA UNIVERSUL О.S.,eTenders
TINCOM S.R.L.,eTenders
INTECO MEDIA GRUP S.R.L.,eTenders
CASA-CRISTEA О.I.,eTenders
Î.M. ECOPOWER S.R.L.,eTenders
"S.C. CONSULTING, ENERGIE ŞI COMERŢ S.R.L.",eTenders
"CENTRUL REPUBLICAN EXPERIMENTAL PROTEZARE, ORTOPEDIE ŞI REABILITARE О.S.",eTenders
HELIO S.R.L.,eTenders
KVAZAR-MICRO S.R.L.,eTenders
College of Europe,eTenders
POLIS S.R.L.,eTenders
BOCAGROCON S.R.L.,eTenders
S.C. S & Ţ PRODPAN S.R.L.,eTenders
S.C. METAL PLUS S.R.L.,eTenders
ARNIT-PRIM S.R.L.,eTenders
AGENȚIA ROMÂNĂ DE ASIGURARE A CALITĂȚII ÎN ÎNVĂȚĂMÎNTUL SUPERIOR - ARACIS,eTenders
S.C. NEOTON COM S.R.L.,eTenders
S.C. CONSPER-PS S.R.L.,eTenders
S.C. SIMDOMITA S.R.L.,eTenders
S.B.-FAINEX S.R.L.,eTenders
SG MEDIA M1 S.R.L.,eTenders
S.C. TRC EXPOIMPOCOM S.R.L.,eTenders
ADVANTIX S.R.L.,eTenders
S.C. MCI & CO-CONSTRUCT S.R.L.,eTenders
F.P.C. DEVASTCOM S.R.L.,eTenders
Climatsistem SRL,eTenders
DAAC-AUTO,eTenders
LIFTSERVICE SRL,eTenders
”Mega Nord Construct” SRL,eTenders
"SRL ""LEFEGUARD""",eTenders
CarnProdLux SRL,eTenders
SRL ARCTUS IMPEX,eTenders
SA CONSTRUCTORUL SUD,eTenders
DACVI-COM S.R.L,eTenders
SC ProEuroConsult,eTenders
EUROPRES ,eTenders
SERPAVIS S.R.L.,eTenders
TIRAMISA S.R.L,eTenders
COOPERATIVA DE CONSUM REZINA,eTenders
CARTDIDADCT SRL,eTenders
SA Drumuri Ialoveni,eTenders
S.R.L.”Magisdrum-Prut”,eTenders
Geoter-Com,eTenders
Daniela-Bujor,eTenders
Olium-Gogu,eTenders
Casa de comert Vita,eTenders
"SC ""Brodeţchi"" SRL",eTenders
SC „Daniela-Bujor” SRL,eTenders
SA „IUGinterTRANS”,eTenders
" SRL „Spicuşor”",eTenders
SRL TRANZIT,eTenders
DUMI & CO S.R.L.,eTenders
Casa de Comerț ” VITA„ SRL,eTenders
S.R.L . NIPETGAL,eTenders
SRL ” BAGUETTE”,eTenders
SC ” Sija Prim” SRL ,eTenders
GLUCK SRL,eTenders
SNUC TRADING S.R.L.,eTenders
"SRL ""Goliat Vita""",eTenders
SC Anstelux SRL,eTenders
SRL ”Rom-Vic”,eTenders
SRL ”3 S GRUP”,eTenders
SA DRUMURI CRIULENI ,eTenders
SC VLADOS-COM S.R.L.,eTenders
Catol Lux SRL,eTenders
Calbor Grup SRL,eTenders
ÎM APROVIZIONARE,eTenders
ÎI COCIUG RAISA,eTenders
S.R.L.RUTCON PAVIMENT,eTenders
Esculap-Farm SRL,eTenders
"""DAAC AUTOTEST""S.R.L.",eTenders
”SOGNO” SRL,eTenders
”GHERMED-K” SRL,eTenders
”FARMINA” SRL ,eTenders
”SANFARM-PRIM” SA,eTenders
DEZMED-CV SRL,eTenders
REPROMED SRL,eTenders
IM VIVAMED INTERNATIONAL SRL,eTenders
SRL ROMEDCOM,eTenders
OP GARDA C4 SRL,eTenders
SRL Chimconsult,eTenders
CENTROFARM SA,eTenders
LAPMOL SRL,eTenders
"""Baguette"" SRL",eTenders
CESTAR SRL,eTenders
LACTIS SA,eTenders
SC Primobil-LUX SRL,eTenders
"SRL ,,AV-Macrocom,,",eTenders
FREDALEX-MOB SRL,eTenders
VMS-Companie SRL,eTenders
"SA,,DRUMURI ORHEI,,",eTenders
DARCONSTRUCT  MRVD   SRL,eTenders
Cristal Clean SRL,eTenders
Tecterm SRL,eTenders
SA M-Inter-Farma,eTenders
SRL Neotec,eTenders
SC Medec-Service SRL,eTenders
Andig-trans,eTenders
Cofini Intermed,eTenders
Ortonet,eTenders
"SRL ""Biolinf-Co""",eTenders
SRL”Bemol Retail”,eTenders
"SRL ,,LIMANI-GRUP”",eTenders
"SRL,, AV-MACROCOM”",eTenders
IM Liftservice ,eTenders
SRL ”DUMISTROY”,eTenders
SRL ”Tinichigiu”,eTenders
Vivamed International,eTenders
Eyecon Medical,eTenders
Snuc Trading,eTenders
ICS Lapmol SRL,eTenders
SRL Crinic-Grup,eTenders
SRL Baguette,eTenders
SC DARCONSTRUCT MRVD SRL,eTenders
Baguette SRL,eTenders
Casa de Comert VITA SRL,eTenders
",,IT LAB GRUP""SRL",eTenders
Aquaparc Capitala SRL,eTenders
IM Tirex Petrol SA,eTenders
SRL Datario,eTenders
"Societate pe acțiuni ,,INCOMLAC,,",eTenders
"Societate cu răspundere limitată ,,TIRAMISA,,",eTenders
"Societate cu rtăspundere limitată  ,,BAQGUETTE,,",eTenders
SC Mede Service SRL,eTenders
Casa de Comert Vita SRL,eTenders
Prodagrotrace SRL,eTenders
"SRL ""Prodent Com""",eTenders
"SRL ""Visiosystems""",eTenders
"SRL ""Dental Market""",eTenders
"CV ""Vivodent"" SRL",eTenders
SRL ȘAHREVAR,eTenders
Detiva- Cons S.R.L,eTenders
"S.R.L. ""Consmodern""",eTenders
MEDEC SERVICE SRL,eTenders
Oxivit Med SRL,eTenders
LENSES GRUP SRL,eTenders
FARMINA SRL,eTenders
INSTRUMED GRUP SRL,eTenders
CONFINI INTERMED SRL,eTenders
SOGNO SRL,eTenders
ELINATCONS SRL,eTenders
Villa Prodotti,eTenders
ÎMS ”LIFTSERVICE”,eTenders
D.P.H - RETAL S.R.L,eTenders
FPC Aproservice-X SRL,eTenders
SRL Strenght,eTenders
"SRL ,,MGM''",eTenders
S.C. VELTEX PLUS S.R.L.,eTenders
Î.C.C. RUNICON S.A.,eTenders
S.R.L.Algracom,eTenders
MEGASTROI,eTenders
CONSTRUCT-LUX TG,eTenders
Lemn Comert,eTenders
ELPO,eTenders
VADINA,eTenders
TERRASISTEM,eTenders
Institutia OSC-29/6,eTenders
Lider-Complet,eTenders
" BEAX-COM",eTenders
SRL Auto Tyres,eTenders
"SRL ,,Şteviprod""",eTenders
"SA ,,Augur Perla""",eTenders
S.A.”Intexnauca”,eTenders
Confini Intermed SRL,eTenders
Delta-Medica SRL,eTenders
Medec Service SRL,eTenders
Vivamed International SRL,eTenders
SRL Ghermed-K,eTenders
SRL SIJA-PRIM,eTenders
SRL  Nipetgal,eTenders
ICCPC Colprodcoop,eTenders
SRL Exclusiv,eTenders
GETARCON GRUP S.R.L,eTenders
SRL Metrompas ,eTenders
Tipografia Orhei,eTenders
SRL Danova Prim,eTenders
SRL V.A.Struc,eTenders
SRL Slavena-Lux,eTenders
II Nour Vasile,eTenders
SA Fabrica de unt din Floresti,eTenders
ÎM CCP AD REM SRL,eTenders
"""AQUAPARC CAPITALA""S.R.L.",eTenders
DRUMURI-STRĂŞENI,eTenders
"S.C. ""CASA INVEST"" S.R.L.",eTenders
"SC ,,Sija-Prim ""SRL",eTenders
S.C. TULEIBICI S.R.L.,eTenders
Neoenerg-Construct SRL,eTenders
LuxGaz SRL,eTenders
SRL MGM,eTenders
SC „BIROLUX-MT” SRL,eTenders
„EPIC LAND” SRL,eTenders
SC Rețele Terestre SRL,eTenders
"S.A.,,Franzeluța”",eTenders
"S.R.L.,,BAGUETTE”",eTenders
"S.R.L.,,Lapmol”",eTenders
"S.R.L.,,NIPETGAL”",eTenders
"S.R.L.,,PRIMAVIA -EXIM”",eTenders
"SC,,Serolan”SRL",eTenders
"SRL,,Plagrișfam”",eTenders
"SRL ""DATARIO SRL""",eTenders
LIMANI - GRUP S.R.L.,eTenders
Univerasitatea Tehnica a Moldovei,eTenders
Servicii Curățenie S.R.L.,eTenders
EL-PA Prodexim S.R.L.,eTenders
Medeferent Grup,eTenders
",,Inlimar - Prim"" SRL",eTenders
"SC ""Xpert PC "" SRL",eTenders
"S.A. ""INTEGRAL-AUTO""",eTenders
STEVIPROD SRL,eTenders
II Snejana Cebotari,eTenders
NIPETGAL S.R.L,eTenders
PASCOLINA SRL,eTenders
FRANZELUTA SA,eTenders
ÎI LIPOVAN-VECTRA,eTenders
OOO Regula Baltija,eTenders
S.A.”Lusmecon”,eTenders
S.R.L. FEDION-COM,eTenders
S.R.L.”Universinj”,eTenders
"SRL ""BATSTRACTOR""",eTenders
SRL Unfloria,eTenders
SA Fabruca de Unt din Floreşti,eTenders
SRL Sidva - V,eTenders
SRL V.A Struc,eTenders
SRL Industrialcar - Com,eTenders
SRL Vlados - Com,eTenders
S.R.L. EUROROS GRUP,eTenders
SRL ”Neotec”,eTenders
SRL Pavergal Unci,eTenders
SRL Gincor-Com,eTenders
Elve Construct,eTenders
SRL Sanmedico,eTenders
UNIVERSAL INSTAL S.R.L.,eTenders
Fundația de Binefacere Moldo-Germană pentru Protecția Animalelor ”Laika”,eTenders
F.P.C. CVADRIVITA S.R.L.,eTenders
Î.I. NEGRU VICTOR,eTenders
"SRL""Farmacia Cojuşna""",eTenders
"Universitatea de Stat de medicină şi Farmacie ""Nicolae Testemiţanu"" din Republica Moldova",eTenders
Stejaur SA,eTenders
Limani-Grup SRL,eTenders
Complexul de edituri al Bisericii Ortodoxe din Moldova,eTenders
Combinatul poligrafic din Chișinău,eTenders
"SRL ,,Servicii Curăţenie""",eTenders
ALEX S & E,eTenders
SRL Dina Cociug,eTenders
DARARIO S.R.L.,eTenders
”Vladalina” S.R.L.,eTenders
”Augur Perla” S.A.,eTenders
”Baguette” S.R.L.,eTenders
”Villa Prodoti” S.R.L.,eTenders
SRL BREND AUTO,eTenders
LIANA-INTERMEDIA,eTenders
IT-LAB GRUP SRL,eTenders
"Î.M.,,Gospodăria Comunal Locativă Călărași”",eTenders
SRL Villa Prodotti,eTenders
TERMOGAZ ENGINEERING S.R.L.,eTenders
VAD SRL,eTenders
ARICONS-PRIM S.R.L.,eTenders
POLICONTRACT SRL,eTenders
Ghermed-K SRL,eTenders
TEHGAZ GRUP SRL,eTenders
"SA ""EXIMOTOR""",eTenders
"""LANGERA"" SRL",eTenders
S.C. POLIDANAR S.R.L.,eTenders
SRL”Cristal Clean”,eTenders
",,EXPERT ONLINE”SRL ",eTenders
",,TRIDIMENSIONAL TEC” SRL  ",eTenders
",,AV - MACROCOM” SRL",eTenders
",,ACCENT ELECTRONIC” S.A.",eTenders
Orhei-Lada-Service,eTenders
GBS,eTenders
Flint-Cons,eTenders
CAHULPAN SA,eTenders
VÎRTICUŞ GRUP S.R.L.,eTenders
INOXLUS SRL,eTenders
Madena Cons SRL,eTenders
DVS Service,eTenders
"ICS ""LUKOIL- Moldova"" SRL",eTenders
Temei-Vtac SRL,eTenders
ICS ACSEAL GAZ SRL,eTenders
SRL SLAVENA LUX,eTenders
SA INCOMLAC,eTenders
CC UNIVERSALCOOP din or. Briceni,eTenders
SRL V.A.STRUC,eTenders
SA LACTIS,eTenders
SC MAXIMos -PAN SRL,eTenders
SC Gebhardt - Construct SRL,eTenders
LIGA FRUCTELOR S.R.L.,eTenders
SA Luceafarul de seara SRL,eTenders
Posta Moldovei,eTenders
SRL Moldpresa Grup,eTenders
Augur Perla SA,eTenders
SRL Rogob,eTenders
STRUC VA SRL,eTenders
"SC ""NETSISTEM""SRL",eTenders
Colproodcoop Orhei,eTenders
SA Franzeluta,eTenders
SRL Casa de Comert VITA,eTenders
SRL Augur Perla,eTenders
SRL Bantcarad,eTenders
SRL Daniela Bujor,eTenders
SRL Nipetgal,eTenders
SRL Vladalina,eTenders
SRL Calbor GRUP,eTenders
EVK INTERNAŢIONAL S.R.L.,eTenders
SC SMAD-GRUP,eTenders
SC DAGAZ&FEHU,eTenders
"S.R.L.""SIMCOMTEX""",eTenders
"Î.S.""CPS p/u AN""",eTenders
"SRL Agenția de Pază  ""BAY KUȘ""",eTenders
BIOENERG CONSTRUCT,eTenders
KONSTANT ART,eTenders
"S.R.L.""NIPETGAL""",eTenders
"Compania de Distribuţie ,,VLADALINA” SRL",eTenders
"SRL ,,Olium Gogu""",eTenders
"SA ,,Combinatul de pîine din Bălţi""",eTenders
"SRL ,,Geoter - Com""",eTenders
",,Pascolina"" SRL",eTenders
"SRL ,,Nipetgal""",eTenders
"SC ,,Daniela Bujor"" SRL",eTenders
"Casa de Comerţ ,,VITA"" SRL",eTenders
",,Iugintertrans"" SA",eTenders
"SRL ,,Steviprod""",eTenders
ÎM Tirex Tetrol SA,eTenders
Rostiv-Teh SRL,eTenders
Lapmol SRL,eTenders
Cooperativa de Consum „Tighina”,eTenders
SLAVENIA-LUX S.R.L.,eTenders
Solgon-I S.R.L.,eTenders
Șchiopu Ludmila ÎI,eTenders
"CRPII ,,Bunătate” SRL",eTenders
FAŢADE AUTENTICE S.R.L.,eTenders
Î.I. VARZARI TATIANA,eTenders
CONSELOC S.R.L.,eTenders
Casa de Comerț Vita SRL,eTenders
SA Franzeluța,eTenders
SRL Lapmol,eTenders
SRL ”Biolinf - Co”,eTenders
ARTVENT RTD S.R.L.,eTenders
FOXTROT S.R.L.,eTenders
NOTOGRAF PRIM S.R.L.,eTenders
S.R.L. ARASEIF,eTenders
IMP Chisinauproiect,eTenders
ÎSAP Cantina Liceist,eTenders
„DAAC-AUTO”,eTenders
COM&VI GRUP S.R.L.,eTenders
MONTAJ S.A.,eTenders
ÎS POSTA MOLDOVEI,eTenders
SRL PRESSINFORM-CURIER,eTenders
SRL MOLDPRESA GRUP,eTenders
AP INFOMARKET MEDIA SRL,eTenders
COOPERATIVA DE CONSUM DIN REZINA,eTenders
SRL Sija Prim,eTenders
SRL Dezmed-CV,eTenders
SRL Ericon,eTenders
SA Stejaur Market,eTenders
SRL Dighiva,eTenders
SRL Limani Grup,eTenders
Augur perla SRL,eTenders
I.I. gemenii-Sirbu,eTenders
Tuleibici SRL,eTenders
Ceai-Inter-Grup SRL,eTenders
Exclusiv SRL,eTenders
SRL Diamedix Impex,eTenders
SRL Tehgaz Grup,eTenders
CD Vladalina SRL,eTenders
SA Fabrica de unt din Florești,eTenders
FPC Rogob SRL,eTenders
ÎI Petru Balan,eTenders
SRL Higimed,eTenders
"A.F.Marcotec Bucuresti-Consulting, Engineering, Marketing S.R.L.",eTenders
S.C. MAXNET INFO S.R.L.,eTenders
S.R.L. CRELICONS & CO,eTenders
INOXPLUS S.R.L.,eTenders
XPERT PC,eTenders
Cooperativa de Consum din or. Ceadîr-Lunga,eTenders
NISIP-SI S.R.L.,eTenders
S.R.L. IMPERIAPRIM,eTenders
CHOCOLUX S.R.L.,eTenders
VIELNAX S.R.L.,eTenders
EUROELECTRIC S.R.L.,eTenders
CASTEL MIMI S.R.L.,eTenders
Î.C.S. Farmina S.R.L.,eTenders
Distrimed S.R.L.,eTenders
Î.M.M.U. Rihpangalfarma S.R.L.,eTenders
Î.M. LEVIATAN S.R.L.,eTenders
VINICARA S.R.L.,eTenders
ECOSTAT S.R.L.,eTenders
Î.M. DIRECŢIA GOSPODĂRIEI COMUNALE ŞI LOCATIVE,eTenders
S.A. APĂ-TERMO,eTenders
CAMBUR VARVARA CONSTANTIN,eTenders
RUSSU VALENTIN ALEXANDR,eTenders
S.C. LOGITERA S.R.L.,eTenders
PROSANITAS FARM S.R.L.,eTenders
REGIA COMUNAL-LOCATIVĂ CRICOVA Î.M.,eTenders
IAZINSCHI ANATOLIE Moldsercon ,eTenders
PHARMONY,eTenders
"I.M. REGIA AUTOSALUBRITATE, REPARAŢII ŞI AMENAJARE",eTenders
IALPANIS S.R.L.,eTenders
ÎCS Tehgaz Grup SRL,eTenders
COVIMPEX S.R.L.,eTenders
Bemol Retail,eTenders
DATARIO SRL,eTenders
CHIUPON S.R.L.,eTenders
DIMITROGLO ANDREI Î.I.,eTenders
SRL Volt,eTenders
KVIP-PROD S.R.L.,eTenders
EXTRA SISTEM S.R.L.,eTenders
TEHGAZ GRUP,eTenders
S.R.L. GALICUS,eTenders
IM Tirex Petrol,eTenders
Î.M. SALUBR-LEOVA,eTenders
кавалжи надежда,eTenders
Sangrila Grup,eTenders
ANAGRAMA-GRUP S.R.L.,eTenders
Poligrafic IS Combinatul  ,eTenders
LOGOCAR S.R.L.,eTenders
MEDIA SECURITY S.R.L.,eTenders
WATER GROUP S.R.L.,eTenders
SAN CONSTRUCT GRUP S.R.L.,eTenders
P.P. Ziarul OPINIA LIBERĂ S.R. L.,eTenders
ARON GROUP S.R.L.,eTenders
BROKER & COMPANY S.R.L.,eTenders
MEDEC-SERVICE,eTenders
MĂRI-TOPAL Î.I.,eTenders
Î.C.S. LUMEA PÂINII S.R.L.,eTenders
S.C. BUDĂI GRUP S.R.L.,eTenders
FRANZELUȚA S.A.,eTenders
ALDOR GROUP S.R.L.,eTenders
Î.M. APĂ-CANAL TARACLIA,eTenders
S.A Franzeluța,eTenders
II Prozorovski Lilian,eTenders
Î.M. APĂ-CANAL DONDUŞENI,eTenders
TRIVANA S.R.L.,eTenders
Î.M. SERVICII COMUNAL-LOCATIVE REZINA,eTenders
Î.C.S. „Lapmol”,eTenders
SRL „scorpan și Co”,eTenders
Centrul de Excelență în Industria Ușoară,eTenders
"I.Î. ŞCOALA PROFESIONALĂ NR.7, MUN.CHIŞINĂU",eTenders
Școala Profesională nr.9,eTenders
AO Insula Speranțelor,eTenders
Î.M. GOSPODĂRIA COMUNAL-LOCATIVĂ BRICENI,eTenders
SMART CLICK S.R.L.,eTenders
COLESNIC ALIONA Î.I.,eTenders
S.R.L. TOP SECURITY,eTenders
Dierctia de Producere a Gospodariei Locativ Comunala Edinet,eTenders
ICS Acseal Gaz SRL,eTenders
S.A. JLC,eTenders
Asociația bibliotecarilor din RM,eTenders
I.S „Molddata”,eTenders
PETROM-MOLDOVA S.R.L.,eTenders
SC Foremcons SRL,eTenders
"IM ""Gospodaria Locativ-Comunala""",eTenders
SRL ”Tipografia din Bălți”,eTenders
SERVICII SALUBRIZARE FLOREŞTI S.A.,eTenders
S.R.L. ANDIENDOMED,eTenders
CIOBANICA NICHITA Î.I.,eTenders
"Societatea Comerciala ""OLTEX-AQUA""SRL",eTenders
OZTOR S.R.L.,eTenders
JITARI.P.-TRANS S.R.L.,eTenders
PUBLICATIA PERIODICA PATRIA MEA,eTenders
S.R.L. IUGHETA,eTenders
S.R.L. HONEY - HOUSE,eTenders
IGIENA COMPANY S.R.L.,eTenders
"S.R.L.,,PLAGRIȘFAM”",eTenders
S.R.L. ANGROCOSMETIC,eTenders
LASCONT S.R.L.,eTenders
SC Solgon-I SRL,eTenders
Broker de Asigurare-Reasigurare AMP BROKER S.R.L.,eTenders
Gospodăria Comunală Nisporeni,eTenders
S.R.L. „OZUN-CONS”,eTenders
FLAGMAN - D S.R.L.,eTenders
S.C. ALEXIADA-DESIGN S.R.L.,eTenders
PREPELIŢA GHEORGHE LUCA,eTenders
FAGHER CONSULTING S.R.L.,eTenders
CARO-TOUR S.R.L.,eTenders
EURO LIGHT S.R.L.,eTenders
S.C. IVASART S.R.L.,eTenders
REGIA COMUNAL-LOCATIVĂ DIN VATRA Î.M.,eTenders
StarNet Soluții SRL,eTenders
SU-CANAL Î.M.,eTenders
ŢÎMBOI GRUP S.R.L.,eTenders
S.R.L. ALENTAXXX,eTenders
Lansheng LLV,eTenders
S.C. BEZMAN S.R.L.,eTenders
”SERGIU PLUS NICOLAE” SRL,eTenders
S.C. ZAG-PROIECT S.R.L.,eTenders
NIDISIMA S.R.L.,eTenders
ÎI Şchiopu Ludmila,eTenders
OCDIS S.R.L.,eTenders
GALATUS-COM SRL,eTenders
LDM-TRANS S.R.L.,eTenders
S.R.L. FORTAN-COM,eTenders
SA ”Beermaster”,eTenders
MARDIVITANA-DULGHERU S.R.L.,eTenders
Î.C.S. NORMATEST S.R.L.,eTenders
INVEST-BROKER S.R.L.,eTenders
PROMPT TEHNO S.R.L.,eTenders
S.R.L. AUTOVERTRANS,eTenders
Î.I. PROZOROVSKI LILIAN,eTenders
Î.M. APĂ-CANAL OCNIŢA,eTenders
S.C. DIOLSEM S.R.L.,eTenders
CERTICUS S.R.L.,eTenders
S.C. ININIH-GRUP S.R.L.,eTenders
S.R.L. LUMINECO ELECTRIC,eTenders
CAPAŢÎNA SVETLANA Î.I.,eTenders
POLIMER GAZ CONDUCTE S.R.L.,eTenders
POLIMER GAZ COMPLET S.R.L.,eTenders
"S.R.L.,,GRIFEVIC”",eTenders
Sija-Prim SRL,eTenders
MGR GROUP S.R.L.,eTenders
POZITIV GRUP S.R.L.,eTenders
SMARTINVEST S.R.L.,eTenders
NEFIS S.R.L.,eTenders
TRICOLUX S.R.L.,eTenders
SIMONOV DUMITRU VICTOR,eTenders
NEOTEHNOLUX S.R.L.,eTenders
AIM VOIAJ S.R.L.,eTenders
Î.C.S. KPMG MOLDOVA S.R.L.,eTenders
S.C. IURCONSTRUCT S.R.L.,eTenders
ECOAER CLIMAT S.R.L.,eTenders
SC Sante International SA,eTenders
GAMA AVIA S.R.L.,eTenders
S.R.L. VALOR CONSTRUCT,eTenders
TEATRUL REPUBLICAN DE PĂPUŞI LICURICI О.S.,eTenders
Î.M. INTERFOBOS GRUP S.R.L.,eTenders
IMPICAR PLUS S.R.L.,eTenders
CONS-SIT-GRUP S.R.L.,eTenders
DC WEBSOFT S.R.L.,eTenders
ACORD GRUP S.A.,eTenders
PANONIMEDIA S.R.L.,eTenders
"CENTRUL RESURSELOR INFORMAŢIONALE DE STAT ""REGISTRU"" О.S.",eTenders
BIROGRUP MARKET S.R.L.,eTenders
REGLET-MAX S.R.L.,eTenders
Î.C.S. EMIL & IAN SERVICE S.R.L.,eTenders
CENTRUL SPORTIV DE PREGĂTIRE A LOTURILOR NAŢIONALE,eTenders
TUVKarpat,eTenders
STUDENT TRAVEL S.R.L.,eTenders
Pivdeni Curort,eTenders
Suceveanu Vitalie Gheorghe,eTenders
MOLDDATA О.S.,eTenders
S.C. ANICOM & CO S.R.L.,eTenders
TORPEDO COOP,eTenders
Î.M. IGIENA COMPANY S.R.L.,eTenders
SEDIORUS S.R.L.,eTenders
D.V.V.-SHOW S.R.L.,eTenders
OWH TV Studio,eTenders
Liana Intermedia SRL,eTenders
S.C. SANGALIMED S.R.L.,eTenders
OOO PRIMORIE,eTenders
AO ACTR-ACCELS,eTenders
ATI MOTORS HOLDING SRL,eTenders
GHEORGHE LECA О.I.,eTenders
GRAUR ALEXANDRU О.I.,eTenders
CENTRUL DE STANDARTIZARE ŞI STABILIRE A CALITĂŢII NUTREŢURILOR ŞI PRODUSELOR CEREALIERE О.S.,eTenders
CENTRUL NAŢIONAL DE VERIFICARE A CALITĂŢII PRODUCŢIEI ALCOOLICE О.S.,eTenders
CENTRUL PENTRU STANDARDIZAREA ŞI EXPERIMENTAREA CALITĂŢII PRODUCŢIEI DE CONSERVE О.S.,eTenders
INVENTCONSTRUCT S.R.L.,eTenders
Fresenius Medical ,eTenders
S.C. ALIANŢA MODERNA S.R.L.,eTenders
S.C. IRIS-MARKET S.R.L.,eTenders
CITY TOUR S.R.L.,eTenders
AUTO-HEAD S.R.L.,eTenders
DP IMOBIL LUX S.R.L.,eTenders
AUDIT-COMPLEX S.R.L.,eTenders
S.B.I. S.A.,eTenders
Î.C.S. RED UNION FENOSA S.A.,eTenders
ENERGIA SRL,eTenders
ASCENDIS CONSULTING S.R.L.,eTenders
S.R.L. DITA EDIL - PRIM,eTenders
AGROVIN BULBOACA S.A.,eTenders
FARMAPRIM INTERNATIONAL S.R.L.,eTenders
UNICART-PRIM S.R.L.,eTenders
VLAINEX-PRIM S.R.L.,eTenders
ELENIC-LUX S.R.L.,eTenders
"COMBINATUL DE VINURI DE CALITATE""MILEŞTII MICI"" О.S.",eTenders
GERAMEX S.R.L.,eTenders
SC SILVA TRADING SRL,eTenders
STATISTICA О.S.,eTenders
S.C. MILTON-PRIM S.R.L.,eTenders
INES MOROŞAN О.I.,eTenders
GRUPUL PROIECTELOR INTELIGENTE S.R.L.,eTenders
RISCANI-SC О.S.,eTenders
SRL Neotech,eTenders
Î.C.S. ALEX S & E S.R.L.,eTenders
PRELUDE S.R.L.,eTenders
LABORATOR MEGA S.A.,eTenders
PROFILAXIE-STOVBUN О.I.,eTenders
SC ”Neotech” SRL,eTenders
Î.M. R & P BOLGAR FARM S.R.L.,eTenders
S.C. GALERIPROIECT S.R.L.,eTenders
GOLOVATÎI VASILI VASILI,eTenders
SC ATI Motors Holding SRL,eTenders
S.C. TELEMAGAZIN S.R.L.,eTenders
Î.C.S. FRIGOCLIMA S.R.L.,eTenders
"Asociaţia Obştească ""Asociaţia Presei Independente""",eTenders
ALL EVENTS S.R.L.,eTenders
CRIZANTEMA О.S.,eTenders
BDR ASSOCIATES-STRATEGIC COMMUNICATION S.R.L.,eTenders
PROGUS S.R.L.,eTenders
FRIO-DINS S.R.L.,eTenders
CRIO SISTEM S.R.L.,eTenders
S.C. IUNAVIT - CON S.R.L.,eTenders
S.C. ASUSCOM-EXIM S.R.L.,eTenders
ALFAFAVORIT CONSTRUCT S.R.L.,eTenders
INSTALVEST GRUP S.R.L.,eTenders
TERENTIEV T.O. О.I.,eTenders
TERRA-LIG S.A.,eTenders
Bercut-Grup S.R.L.,eTenders
Î.M. APRODIM S.R.L.,eTenders
VOCAŢIE S.R.L.,eTenders
ASTORIA PLUS SRL,eTenders
UTI SYSTEMS INTERNATIONAL S.R.L.,eTenders
NORTON S.R.L.,eTenders
S.R.L. FLUXMEŞTER-V.A.,eTenders
