id,goods_and_services,scheme,cpv_code
45185,Tractoare,CPV,16700000-2
45167,Remorci cu incarcare automata pentru agricultura,CPV,16510000-3
46161,Computere personale,CPV,30213000-5
46188,Imprimante laser,CPV,30232110-8
49801,Sisteme de control al accesului,CPV,42961100-1
47515,Echipament de transport si produse auxiliare pentru transport,CPV,34000000-7
44671,"Alimente, bauturi, tutun si produse conexe",CPV,15000000-8
51294,Lucrari de finisare a constructiilor,CPV,45400000-1
47319,Diverse medicamente,CPV,33690000-3
47294,Vaccinuri impotriva hepatitei B,CPV,33651680-8
48858,Scaune pivotante,CPV,39111100-4
48854,"Mobila (inclusiv mobila de birou), accesorii de mobilier, aparate de uz casnic (exclusiv dispozitive de iluminat) si produse de curatat",CPV,39000000-2
48861,Scaune,CPV,39112000-0
48894,Umerase pentru haine,CPV,39136000-4
47343,Reactivi pentru analize de sange,CPV,33696200-7
44463,Motorina,CPV,09134200-9
47517,Autoturisme,CPV,34110000-1
47265,Medicamente pentru sistemul genito-urinar si hormoni,CPV,33640000-8
44429,"Produse petroliere, combustibil, electricitate si alte surse de energie",CPV,09000000-3
53033,Servicii de paza,CPV,79713000-5
47148,Implanturi chirurgicale,CPV,33184100-4
47108,Instrumente chirurgicale,CPV,33169000-2
46874,"Echipamente medicale, produse farmaceutice si produse de ingrijire personala",CPV,33000000-0
47286,Vaccinuri,CPV,33651600-4
53168,Servicii de sanatate si servicii de asistenta sociala,CPV,85000000-9
50544,Lucrari de constructii,CPV,45000000-7
52149,Servicii financiare si de asigurare,CPV,66000000-0
44975,Paine,CPV,15811100-7
51359,Lucrari de reparatii generale si de renovare,CPV,45453000-7
51567,"Servicii de gestionare, de reparare si de intretinere a parcurilor de vehicule",CPV,50111000-6
47824,Diverse piese de schimb,CPV,34913000-0
52712,Servicii de cercetare,CPV,73110000-6
45884,"Echipament informatic si accesorii de birou, cu exceptia mobilierului si a pachetelor software",CPV,30000000-9
46875,Echipamente medicale,CPV,33100000-1
51361,Lucrari de restructurare,CPV,45454000-4
46151,Echipament si accesorii pentru computer,CPV,30200000-1
47818,Diverse echipamente de transport si piese de schimb,CPV,34900000-6
45832,Cleiuri,CPV,24910000-6
51722,Servicii de reparare si de intretinere a echipamentului medical,CPV,50421000-2
44474,Uleiuri lubrifiante si agenti lubrifianti,CPV,09211000-1
52936,Servicii de auditare financiara,CPV,79212100-4
52944,Servicii de pregatire a declaratiilor de impozit,CPV,79222000-6
52291,Supraveghere a lucrarilor de constructii,CPV,71247000-1
48864,Fotolii,CPV,39113100-8
52346,Servicii de proiectare tehnica pentru infrastructura de transport,CPV,71322500-6
44972,Diverse produse alimentare,CPV,15800000-6
44881,Lapte,CPV,15511000-3
52275,Servicii de arhitectura si servicii conexe,CPV,71200000-0
50299,Seifuri pentru obiecte de valoare,CPV,44421600-3
45948,Calculatoare de birou,CPV,30141200-1
49214,Frigidere cu congelator,CPV,39711110-3
48880,Mobilier de birou,CPV,39130000-2
47345,Reactivi izotopici,CPV,33696400-9
47225,Produse farmaceutice,CPV,33600000-6
47344,Reactivi chimici,CPV,33696300-8
47187,Eprubete,CPV,33192500-7
44673,Carne,CPV,15110000-2
44677,Carne de pasare,CPV,15112000-6
44882,Lapte pasteurizat,CPV,15511100-4
44252,Produse alimentare de origine animala,CPV,03142300-1
45036,Ceai,CPV,15863000-5
44705,Salamuri,CPV,15131120-2
44922,Produse de morarit,CPV,15610000-7
44787,Legume proaspete sau congelate,CPV,15331100-8
44879,Produse lactate,CPV,15500000-3
44921,"Produse de morarit, amidon si produse amilacee",CPV,15600000-4
53096,Servicii de abonare,CPV,79980000-7
47339,Agenti diagnostici,CPV,33694000-1
44430,Combustibili,CPV,09100000-0
51449,Pachete software pentru contabilitate,CPV,48443000-5
47132,Consumabile pentru dializa renala,CPV,33181520-3
48076,Cartuse,CPV,35331500-8
47306,Psiholeptice,CPV,33661500-6
49830,Diverse utilaje cu utilizare speciala,CPV,42990000-2
45604,Oxigen,CPV,24111900-4
51710,"Servicii de reparare si de intretinere a aparatelor de masurare, de testare si de control",CPV,50410000-2
46107,Hartie xerografica,CPV,30197644-2
51162,Reparare de acoperisuri,CPV,45261910-6
52167,Servicii de gestionare a fondurilor de pensii,CPV,66141000-0
52078,Servicii postale si de curierat,CPV,64100000-7
51769,Servicii de intretinere a ascensoarelor,CPV,50750000-7
45306,Medalii,CPV,18512200-3
51899,Servicii hoteliere,CPV,55100000-1
51957,Servicii de transport aerian,CPV,60400000-2
51925,Servicii de cantina,CPV,55510000-8
49076,Trofee,CPV,39298700-4
46753,Filme,CPV,32354000-9
47009,Seringi,CPV,33141310-6
46981,Consumabile medicale,CPV,33140000-3
46105,Hartie pentru fotocopiatoare si xerografica,CPV,30197642-8
47384,Articole si preparate pentru igiena bucala sau dentara,CPV,33711700-4
45804,Dezinfectanti,CPV,24455000-8
53056,Servicii de tiparire si de livrare,CPV,79823000-9
52096,Servicii de telefonie mobila,CPV,64212000-5
53062,Servicii de proiectare specializata,CPV,79930000-2
47003,Catetere,CPV,33141200-2
46986,Plasturi,CPV,33141112-8
44701,Produse din carne,CPV,15130000-8
44909,Diverse produse lactate,CPV,15550000-8
52927,Servicii de consultanta si de informare juridica,CPV,79140000-7
46755,Filme pentru radiografii,CPV,32354110-3
49307,Detergenti,CPV,39831200-8
48623,Echipament de masurare si de control,CPV,38424000-3
51941,Servicii de transport rutier specializat de pasageri,CPV,60130000-8
49129,Jaluzele verticale,CPV,39515440-1
53004,Servicii de traducere,CPV,79530000-8
51502,Pachete software antivirus,CPV,48761000-0
52193,Servicii de asigurare a autovehiculelor,CPV,66514110-0
49269,Ventilatoare si aparate de aer conditionat,CPV,39717000-1
51532,Diverse pachete software si sisteme informatice,CPV,48900000-7
44199,"Produse agricole, de ferma, de pescuit, de silvicultura si produse conexe",CPV,03000000-1
44456,Benzina,CPV,09132000-3
53044,Servicii tipografice,CPV,79810000-5
49783,Termostate de imersie,CPV,42943210-3
51705,Servicii de reparare si de intretinere a echipamentului video,CPV,50343000-1
47396,Sapun,CPV,33711900-6
45639,"Elemente chimice, acizi anorganici si compusi",CPV,24311000-7
53469,Productie de filme publicitare,CPV,92111210-7
50007,Materiale de constructii,CPV,44110000-4
52736,"Servicii de administratie publica, de aparare si de asigurari sociale",CPV,75000000-6
46696,Aparate audio si video de inregistrare si redare,CPV,32330000-5
52426,Servicii de supraveghere a lucrarilor,CPV,71520000-9
51161,Lucrari de reparare si de intretinere de acoperisuri,CPV,45261900-3
45555,"Registre, registre contabile, clasoare, formulare si alte articole imprimate de papetarie din hartie sau din carton",CPV,22800000-8
48040,Echipament de politie,CPV,35200000-6
51564,Servicii de reparare si intretinere,CPV,50000000-5
53287,Servicii de transport de deseuri menajere,CPV,90512000-9
46440,Acumulatori cu placi de plumb si acid sulfuric,CPV,31431000-6
46984,Pansamente,CPV,33141110-4
52861,Servicii pentru agricultura,CPV,77100000-1
48855,Mobilier,CPV,39100000-3
46120,Plicuri,CPV,30199230-1
50924,Lucrari de reparare a drumurilor,CPV,45233142-6
48791,Echipament fotografic,CPV,38650000-6
47983,"Echipament de securitate, de lupta impotriva incendiilor, de politie si de aparare",CPV,35000000-4
52354,Servicii de verificare a proiectelor de structuri portante,CPV,71328000-3
48863,Diverse scaune,CPV,39113000-7
44254,Oua,CPV,03142500-3
45924,Piese si accesorii pentru fotocopiatoare,CPV,30125000-1
47156,Proteze auditive,CPV,33185000-0
49501,Utilaje pentru prepararea sau fabricarea industriala a alimentelor sau a bauturilor,CPV,42215000-6
45192,"Imbracaminte, incaltaminte, articole de voiaj si accesorii",CPV,18000000-9
50927,Drumuri si alte suprafete pietruite,CPV,45233160-8
45483,Imprimate si produse conexe,CPV,22000000-0
45991,Accesorii de birou,CPV,30192000-1
45537,Bilete,CPV,22459000-2
50005,Structuri si materiale de constructii; produse auxiliare pentru constructii (cu exceptia aparatelor electrice),CPV,44000000-0
49721,Diverse utilaje de uz general si special,CPV,42900000-5
49271,Aparate de aer conditionat,CPV,39717200-3
47412,Lentile intraoculare,CPV,33731110-7
48876,Mese,CPV,39121200-8
48906,"Paturi, piese pentru paturi si tapiserii pentru mobilier speciale",CPV,39143110-0
49102,Paturi,CPV,39511100-8
49133,Perne,CPV,39516120-9
48908,Saltele,CPV,39143112-4
49115,Prosoape,CPV,39514100-9
50909,Lucrari de constructii de drumuri,CPV,45233120-6
45592,Produse chimice,CPV,24000000-4
52151,Servicii bancare,CPV,66110000-4
52949,Servicii de elaborare de studii,CPV,79311100-8
51771,Diverse servicii de intretinere si de reparare,CPV,50800000-3
48016,Sisteme si dispozitive de supraveghere si de securitate,CPV,35120000-1
51898,"Servicii hoteliere, de restaurant si de vanzare cu amanuntul",CPV,55000000-0
50561,Lucrari de amenajare a terenului,CPV,45111291-4
51084,Lucrari de constructii de centrale termice,CPV,45251200-3
50923,Lucrari de intretinere a drumurilor,CPV,45233141-9
46551,Materiale electrice,CPV,31681410-0
44675,Carne de vita,CPV,15111100-0
51652,Repararea si intretinerea calculatoarelor si a masinilor contabile,CPV,50311400-2
51900,Servicii de cazare la hotel,CPV,55110000-4
52274,"Servicii de arhitectura, de constructii, de inginerie si de inspectie",CPV,71000000-8
51924,Servicii de cantina si servicii de catering,CPV,55500000-5
51919,Servicii de preparare a mancarii,CPV,55321000-6
52343,Servicii de proiectare a conductelor,CPV,71322200-3
51928,Servicii de catering,CPV,55520000-1
49613,Dispozitive de climatizare de perete,CPV,42512200-0
50859,Lucrari de constructii de linii electrice,CPV,45231400-9
46081,Articole marunte de birou,CPV,30197000-6
46164,Computer de birou,CPV,30213300-8
46152,Masini de procesare a datelor (hardware),CPV,30210000-4
45231,Veste,CPV,18235400-9
50788,Lucrari de inginerie si de constructii,CPV,45220000-5
51352,Alte lucrari de finisare a constructiilor,CPV,45450000-6
49194,Insigne,CPV,39561133-3
52458,"Servicii IT: consultanta, dezvoltare de software, internet si asistenta",CPV,72000000-5
51910,Servicii de tabere de copii,CPV,55243000-5
52344,Servicii de proiectare a podurilor,CPV,71322300-4
51575,Servicii de intretinere a automobilelor,CPV,50112200-5
48941,Rechizite scolare,CPV,39162110-9
46027,Papetarie,CPV,30192700-8
46817,Sisteme PABX,CPV,32545000-5
51903,Campinguri si alte tipuri de cazare decat cea hoteliera,CPV,55200000-2
45983,"Echipament de birou, cu exceptia mobilierului",CPV,30191000-4
51295,Lucrari de tencuire,CPV,45410000-4
44435,Antracit,CPV,09111210-5
51057,Lucrari de constructii de apeducte,CPV,45247130-0
48538,"Echipamente de laborator, optice si de precizie (cu exceptia ochelarilor)",CPV,38000000-5
52260,Servicii de inchiriere sau de vanzare de imobile,CPV,70310000-7
51218,Lucrari de conexiuni electrice,CPV,45311200-2
48579,Instrumente de geodezie,CPV,38296000-6
49505,Utilaje de prelucrare a alimentelor,CPV,42215200-8
52071,Servicii anexe pentru transportul aerian,CPV,63730000-5
53043,Servicii tipografice si servicii conexe,CPV,79800000-2
44685,Carne de porc,CPV,15113000-3
44558,Sare si clorura de sodiu pur,CPV,14400000-5
44672,"Produse de origine animala, carne si produse din carne",CPV,15100000-9
50894,Lucrari de constructii de statii de pompare a apelor reziduale,CPV,45232423-3
52409,Servicii de cadastru,CPV,71354300-7
50644,Lucrari de constructii de monumente istorice sau memoriale,CPV,45212314-0
51709,Servicii de reparare si de intretinere a echipamentului medical si de precizie,CPV,50400000-9
44987,Produse de cofetarie,CPV,15812200-5
44681,Carne de pui,CPV,15112130-6
44773,Sucuri de fructe si de legume,CPV,15320000-7
47259,Antiseptice si dezinfectante,CPV,33631600-8
45291,Nasturi,CPV,18451000-5
45352,Incaltaminte speciala,CPV,18832000-0
50469,Cutii,CPV,44617000-8
48181,Uniforme de lupta,CPV,35812000-9
50928,Lucrari de constructii de trotuare,CPV,45233161-5
45556,Registre din hartie sau din carton,CPV,22810000-1
50475,"Busoane, dopuri, capace pentru containere si capace",CPV,44618300-8
52432,"Servicii de testare, analiza si consultanta tehnica",CPV,71600000-4
45843,Medii de cultura,CPV,24931250-6
47985,"Echipament de lupta impotriva incendiilor, de salvare si de siguranta",CPV,35110000-8
53484,Servicii de radio si de televiziune,CPV,92200000-3
44971,Hrana pentru animale de companie,CPV,15713000-9
50843,Elemente prefabricate,CPV,45223821-7
46467,Lampi si aparate de iluminat,CPV,31520000-7
51305,Instalare de ferestre,CPV,45421132-8
50613,"Lucrari de constructii de cladiri destinate activitatilor de recreere, sportive, culturale, de cazare si restaurante",CPV,45212000-6
51513,Sisteme de informare si servere,CPV,48800000-6
53090,Servicii de editare,CPV,79970000-4
52277,Servicii de proiectare arhitecturala,CPV,71220000-6
51238,Lucrari de instalare de echipamente de incalzire si de alte echipamente electrice pentru cladiri,CPV,45315000-8
51351,Lucrari de fatade,CPV,45443000-4
51501,Pachete software de protectie antivirus,CPV,48760000-3
52914,"Servicii pentru intreprinderi: drept, marketing, consultanta, recrutare, tiparire si securitate",CPV,79000000-4
44257,"Cereale, cartofi, legume, fructe si fructe cu coaja",CPV,03200000-3
44732,"Peste, file de peste si alte tipuri de carne de peste congelate",CPV,15220000-6
44830,Dulceturi si marmelade; jeleuri de fructe; piureuri si paste de fructe sau de fructe cu coaja lignifiata,CPV,15332200-6
46930,Benzi reactive,CPV,33124131-2
52192,Asigurare pentru transport,CPV,66514100-7
52860,"Servicii pentru agricultura, silvicultura, horticultura, acvacultura si apicultura",CPV,77000000-0
45927,Toner pentru fotocopiatoare,CPV,30125120-8
51366,Pachete software si sisteme informatice,CPV,48000000-8
50880,Lucrari de constructii de linii telefonice si de comunicatii si lucrari auxiliare,CPV,45232300-5
48772,Echipament de scanare a bagajelor,CPV,38581000-1
45566,Formulare,CPV,22820000-4
45508,Publicatii periodice,CPV,22212100-0
48545,Sisteme de navigare si de pozitionare globala (GPS sau echivalente),CPV,38112100-4
50745,Lucrari de constructii de unitati spitalicesti,CPV,45215140-0
47671,Pneuri pentru autovehicule,CPV,34351100-3
46444,Baterii,CPV,31440000-2
49836,Masina de cules,CPV,42991220-7
51526,Servere,CPV,48820000-2
51918,Servicii de distribuire a mancarii,CPV,55320000-9
50665,Lucrari de constructii de cantine,CPV,45212422-0
52969,Servicii de promovare,CPV,79342200-5
50955,Instalare de semnalizatoare rutiere,CPV,45233294-6
46770,Retea internet,CPV,32412110-8
50601,Lucrari de constructii de cladiri,CPV,45210000-2
53145,Servicii de formare profesionala,CPV,80530000-8
46285,"Masini, aparate, echipamente si consumabile electrice; iluminat",CPV,31000000-6
52341,Servicii de proiectare tehnica pentru constructia de lucrari publice,CPV,71322000-1
46111,Articole de papetarie si alte articole din hartie,CPV,30199000-0
51946,Inchiriere de vehicule de transport de persoane cu sofer,CPV,60170000-0
50858,Lucrari de constructii de conducte de apa si de canalizare a apelor reziduale la mare distanta,CPV,45231300-8
53113,Servicii de invatamant si formare profesionala,CPV,80000000-4
48573,"Instrumente si aparate de geodezie, de hidrografie, de oceanografie si de hidrologie",CPV,38290000-4
46187,Imprimante si trasatoare,CPV,30232100-5
45205,Imbracaminte de exterior,CPV,18200000-1
45318,Cadouri si recompense,CPV,18530000-3
50283,Articole sanitare,CPV,44411000-4
44760,"Fructe, legume si produse conexe",CPV,15300000-1
51360,Lucrari de renovare,CPV,45453100-8
52080,Servicii postale de distribuire a ziarelor si a periodicelor,CPV,64111000-7
45959,Piese si accesorii pentru masini de calcul,CPV,30145000-7
46934,Aparate de stomatologie,CPV,33126000-9
51576,Servicii de spalare a automobilelor si servicii similare,CPV,50112300-6
51753,Servicii de reparare si de intretinere a echipamentului de distributie electrica,CPV,50532400-7
51901,Servicii de reuniuni si conferinte organizate la hotel,CPV,55120000-7
46162,Computere portabile,CPV,30213100-6
46567,Surse de alimentare electrica,CPV,31682530-4
50875,Lucrari de constructii de rezervoare ridicate de apa potabila,CPV,45232154-6
47629,Piese si accesorii pentru vehicule si pentru motoare de vehicule,CPV,34300000-0
46545,Articole si accesorii electrice,CPV,31680000-6
50872,Lucrari de constructii de renovare a conductelor de apa,CPV,45232151-5
49120,"Perdele, draperii, baldachine si storuri textile",CPV,39515000-5
51215,Lucrari de instalatii electrice,CPV,45310000-3
51248,Instalare de echipament de iluminare stradala,CPV,45316110-9
51743,Servicii de reparare si de intretinere a boilerelor,CPV,50531100-7
49078,Diverse articole decorative,CPV,39298900-6
48177,Echipament individual,CPV,35810000-5
46129,"Bibliorafturi, mape de corespondenta, clasoare si articole similare",CPV,30199500-5
45194,Imbracaminte de uz profesional,CPV,18110000-3
52350,Servicii de estimare,CPV,71324000-5
52729,Testare si evaluare,CPV,73430000-5
51765,Servicii de reparare si de intretinere a incalzirii centrale,CPV,50720000-8
51942,Transport de pasageri ocazional,CPV,60140000-1
44433,Carbune,CPV,09111100-1
51914,Servicii de restaurant si de servire a mancarii,CPV,55300000-3
44310,Fructe si fructe cu coaja,CPV,03222000-3
49211,Aparate electrice de uz casnic,CPV,39710000-2
49606,"Schimbatoare de caldura, echipamente de climatizare si refrigerare si dispozitive de filtrare",CPV,42510000-4
49367,Pompe de apa,CPV,42122130-0
51714,Servicii de reparare si de intretinere a contoarelor de energie electrica,CPV,50411300-2
49617,Registre,CPV,42512510-6
45065,Diverse produse alimentare si produse uscate,CPV,15890000-3
44733,Peste congelat,CPV,15221000-3
45500,Pliante,CPV,22140000-3
47261,Medicamente pentru sistemul musculo-scheletic,CPV,33632000-9
46765,Retele,CPV,32400000-7
46237,Piese si accesorii pentru computere,CPV,30237000-9
51587,Servicii de reparare a sistemelor electrice,CPV,50116100-2
51937,Servicii de transport (cu exceptia transportului de deseuri),CPV,60000000-8
51276,Lucrari de instalatii de apa si canalizare si de conducte de evacuare,CPV,45332000-3
50934,Lucrari de pavare si de asfaltare,CPV,45233222-1
47534,Microbuze,CPV,34114400-3
52979,Servicii generale de consultanta in management,CPV,79411000-8
50766,Lucrari de constructii de cladiri destinate institutiilor de ordine publica sau serviciilor de urgenta si cladiri militare,CPV,45216000-4
48923,Diverse tipuri de mobilier si de echipament,CPV,39150000-8
48792,Aparate de fotografiat,CPV,38651000-3
51282,Lucrari de instalare de contoare de gaz,CPV,45333200-2
51945,Servicii de transport de colete,CPV,60161000-4
45386,"Produse din piele, materiale textile, din plastic si din cauciuc",CPV,19000000-6
50437,"Cisterne, rezervoare si containere; radiatoare si boilere pentru incalzire centrala",CPV,44600000-6
50225,"Ferestre, usi si articole conexe",CPV,44221000-5
52181,Servicii de asigurare,CPV,66510000-8
51862,Servicii de instalare de utilaje agricole,CPV,51521000-0
44260,Grau,CPV,03211100-4
44857,Uleiuri vegetale,CPV,15411100-3
44525,"Pietris, nisip, piatra concasata si agregate",CPV,14210000-6
46856,Echipament de comunicatii,CPV,32570000-9
50891,Lucrari de constructii de statii de epurare a apelor reziduale,CPV,45232420-2
48937,Mobilier scolar,CPV,39160000-1
49262,Echipament de incalzire,CPV,39715200-9
46709,Camere video,CPV,32333200-8
51269,Lucrari de instalare de echipament de ventilatie si de aer conditionat,CPV,45331200-8
45215,Haine de serviciu,CPV,18222000-1
49492,"Utilaje de prelucrare a alimentelor, a bauturilor si a tutunului",CPV,42210000-1
53518,Servicii prestate de artisti,CPV,92312240-5
48528,Hartie rezistenta la grasimi si alte articole din hartie,CPV,37823000-3
46163,Tablet PC,CPV,30213200-7
47094,Sistem de chimie clinica,CPV,33159000-9
52793,Servicii privind industria petrolului si a gazului,CPV,76000000-3
50575,Lucrari de reabilitare a terenului,CPV,45112360-6
45204,Echipamente de protectie,CPV,18143000-3
50943,Lucrari de reinnoire a imbracamintei rutiere,CPV,45233251-3
51298,"Instalare de usi, de ferestre si de elemente conexe",CPV,45421100-5
51340,Lucrari de montare de geamuri,CPV,45441000-0
51767,Servicii de reparare si de intretinere a grupurilor de refrigerare,CPV,50730000-1
45487,Manuale scolare,CPV,22112000-8
52723,Dezvoltare de echipament de securitate,CPV,73421000-9
48017,Echipament de securitate,CPV,35121000-8
53159,Organizare de cursuri de limbi straine,CPV,80580000-3
45193,"Imbracaminte de uz profesional, imbracaminte speciala de lucru si accesorii",CPV,18100000-0
49089,Echipament de cantina,CPV,39312200-4
52465,Servicii de programare si de consultanta software,CPV,72200000-7
48873,"Mese, dulapuri, birouri si biblioteci",CPV,39120000-9
49273,Aparate de uz casnic pentru gatit sau incalzit,CPV,39721000-2
49274,Aparate de uz casnic pentru gatit,CPV,39721100-3
48938,Mobilier pentru gradinite,CPV,39161000-8
48264,Articole si echipament de sport,CPV,37400000-2
45256,Imbracaminte speciala,CPV,18410000-6
46701,Aparate de inregistrare,CPV,32331500-7
51444,Suite de pachete software,CPV,48422000-2
47185,Statii de lucru pentru stomatologie,CPV,33192400-6
46687,Sistem video de supraveghere,CPV,32323500-8
47590,Vehicule utilitare,CPV,34144700-5
47295,Vaccinuri pentru uz veterinar,CPV,33651690-1
53458,Servicii de igienizare a instalatiilor,CPV,90920000-2
49046,Table,CPV,39292100-6
46779,Echipament de retea,CPV,32420000-3
51472,Pachete software IT,CPV,48517000-5
52646,Servicii de intretinere si reparatii de software,CPV,72267000-4
52649,Servicii de furnizare de software,CPV,72268000-1
47214,Monitoare,CPV,33195100-4
46319,Surse de alimentare electrica continua,CPV,31154000-0
45890,Fotocopiatoare,CPV,30121100-4
48929,Mobilier pentru sali de conferinte,CPV,39153000-9
52500,Servicii de dezvoltare de software pentru gestionarea documentelor,CPV,72212311-2
44271,Cartofi,CPV,03212100-1
44283,Morcovi,CPV,03221112-4
44305,Varza,CPV,03221400-0
44279,Legume,CPV,03221000-6
48580,Instrumente de masurare,CPV,38300000-8
49326,Echipamente industriale,CPV,42000000-6
49059,Produse informative si de promovare,CPV,39294100-0
51494,Pachete software pentru copii de siguranta (backup) sau recuperare,CPV,48710000-8
52664,Servicii de analiza de date,CPV,72316000-3
46648,"Echipament de radio, televiziune, comunicatii, telecomunicatii si articole conexe",CPV,32000000-3
45097,Conserve de alimente si ratii militare,CPV,15897000-2
44284,Ceapa,CPV,03221113-1
47591,Incarcatoare cu roti,CPV,34144710-8
52364,Servicii stiintifice si tehnice in inginerie,CPV,71350000-6
52480,Servicii de dezvoltare de software pentru uz medical,CPV,72212180-4
48724,Microscoape stereoscopice sau microscoape de disectie,CPV,38518200-1
47292,Vaccinuri antigripale,CPV,33651660-2
46754,Filme pentru radiologii,CPV,32354100-0
46009,Stampile de datare,CPV,30192150-7
45484,"Carti, brosuri si pliante tiparite",CPV,22100000-1
46098,Hartie si carton tratate,CPV,30197600-2
52318,Servicii de consultanta in eficienta energetica,CPV,71314300-5
47539,Autobuze si autocare,CPV,34121000-1
47989,Extinctoare,CPV,35111300-8
49100,Articole textile de uz casnic,CPV,39510000-0
50264,Articole de fierarie,CPV,44316400-2
52330,Servicii sanitare si de siguranta,CPV,71317200-5
52207,Servicii de asigurare de raspundere civila auto,CPV,66516100-1
51051,"Lucrari de constructii de baraje, canale, canale de irigatie si apeducte",CPV,45247000-0
47780,Elemente auto,CPV,34640000-5
47346,Reactivi de laborator,CPV,33696500-0
47091,Aparate medicale cu ultraviolete,CPV,33158300-5
50230,Usi,CPV,44221200-7
48762,Contoare de electricitate,CPV,38554000-3
47959,Indicatoare rutiere luminoase,CPV,34992100-8
50799,Lucrari de constructii de renovari de poduri,CPV,45221119-9
48859,Scaune de teatru,CPV,39111200-5
47558,Tractoare rutiere,CPV,34138000-3
46155,Hardware pentru unitatea centrala,CPV,30211200-3
44472,"Petrol, carbune si produse petroliere",CPV,09200000-1
52285,"Studii de fezabilitate, servicii de consultanta, analize",CPV,71241000-9
45415,Lenjerie,CPV,19231000-4
47183,"Mobilier pentru blocul operator, cu exceptia meselor",CPV,33192340-7
47168,Mobilier medical,CPV,33192000-2
53034,Servicii de supraveghere,CPV,79714000-2
48949,Mobilier de laborator,CPV,39180000-7
49491,"Utilaje de prelucrare a alimentelor, a bauturilor si a tutunului si accesorii ale acestora",CPV,42200000-8
50855,Lucrari de constructii de conducte de alimentare cu gaz,CPV,45231221-0
46102,Hartie pentru tiparit,CPV,30197630-1
49611,Instalatii de climatizare,CPV,42512000-8
48191,Steaguri,CPV,35821000-5
46877,Aparate de radiologie,CPV,33111000-1
52319,Servicii de inginerie termica pentru constructii,CPV,71314310-8
44895,Unt,CPV,15530000-2
45022,Paste fainoase,CPV,15850000-1
44299,Castraveti,CPV,03221270-9
52957,Studiu de fezabilitate,CPV,79314000-8
50156,Diverse materiale de constructii din lemn,CPV,44191000-5
50506,Emailuri si smalturi,CPV,44812100-6
50014,Izolatori si accesorii izolante,CPV,44111500-6
50531,Gresie,CPV,44912200-8
50051,Pietris bitumat,CPV,44113320-4
50010,Ciment,CPV,44111200-3
48506,Echipament pentru terenuri de joaca,CPV,37535200-9
51960,Servicii de transport aerian ocazional,CPV,60420000-8
44889,Lapte praf,CPV,15511700-0
49099,Articole textile,CPV,39500000-7
46265,Cartuse de fonturi pentru imprimante,CPV,30237310-5
46514,Echipament electric,CPV,31600000-2
52079,Servicii postale,CPV,64110000-0
53169,Servicii de sanatate,CPV,85100000-0
53071,Servicii pentru evenimente,CPV,79952000-2
53215,Diverse servicii de sanatate,CPV,85140000-2
51324,Lucrari de imbracare cu dale a podelelor,CPV,45431100-8
44278,"Legume, fructe si fructe cu coaja",CPV,03220000-9
44259,Cereale,CPV,03211000-3
44357,Merluciu,CPV,03311230-3
52621,Servicii de dezvoltare de software personalizat,CPV,72230000-6
45941,Masini de numarat bancnote,CPV,30132200-5
49164,"Covoare, presuri si carpete",CPV,39530000-6
45885,"Masini, echipament si accesorii de birou, cu exceptia computerelor, a imprimantelor si a mobilierului",CPV,30100000-0
48239,Instrumente de percutie,CPV,37316000-6
50638,Lucrari de reparatie si de intretinere a complexelor sportive,CPV,45212290-5
45485,Carti tiparite,CPV,22110000-4
49125,Jaluzele,CPV,39515400-9
49304,Produse de curatat,CPV,39830000-9
47668,"Piese de rezerva pentru vehiculele destinate transportului de marfuri, camionete si automobile",CPV,34330000-9
50496,Boilere,CPV,44621200-1
47303,Analgezice,CPV,33661200-3
47341,Reactivi si produse de contrast,CPV,33696000-5
47027,Coagulanti sanguini,CPV,33141530-4
52355,Diverse servicii de inginerie,CPV,71330000-0
51915,Servicii de restaurant cu ospatari,CPV,55310000-6
45148,Utilaje agricole,CPV,16000000-5
45038,Ceai negru,CPV,15863200-7
44287,Legume cultivate pentru fructele lor,CPV,03221200-8
46983,"Pansamente; cleme, suturi, ligaturi",CPV,33141100-1
50584,Lucrari de arhitectura peisagistica,CPV,45112700-2
46570,Echipament electronic,CPV,31710000-6
51571,Servicii de reparare a automobilelor,CPV,50112100-4
47154,Endoproteze coronariene,CPV,33184500-8
53584,Servicii de spalatorie si de curatatorie uscata,CPV,98310000-9
45503,"Ziare, reviste specializate, periodice si reviste",CPV,22200000-2
50850,Instalare de retea de conducte,CPV,45231112-3
46226,Memorie cu acces aleatoriu (RAM),CPV,30236110-6
52935,Servicii de auditare,CPV,79212000-3
47673,Pneuri pentru camioane,CPV,34352100-0
48022,Sigilii,CPV,35121500-3
48960,Vesela,CPV,39221110-1
45752,Alcool,CPV,24322500-2
53126,Servicii scolare diverse,CPV,80410000-1
45565,Agende,CPV,22819000-4
44425,Arbori,CPV,03452000-3
48924,Diverse tipuri de mobilier,CPV,39151000-5
53440,Servicii de curatenie,CPV,90910000-9
44491,Uleiuri minerale,CPV,09211820-5
51304,Instalare de usi,CPV,45421131-1
46681,Echipament multimedia,CPV,32322000-6
47164,Diverse aparate si produse medicale,CPV,33190000-8
44393,Lapte de vaca proaspat,CPV,03333000-4
47167,Autoclave,CPV,33191110-9
46890,Accesorii pentru angiografie,CPV,33111710-1
46893,Accesorii pentru angioplastie,CPV,33111730-7
47536,Autovehicule pentru transportul a mai putin de 10 persoane,CPV,34115200-8
45543,Manuale,CPV,22470000-5
53513,Servicii de agentii redactionale,CPV,92312211-3
47516,Autovehicule,CPV,34100000-8
45186,Tractoare agricole cu insotitor uman,CPV,16710000-5
46662,Sistem de supraveghere cu circuit inchis,CPV,32235000-9
51570,Servicii de reparare si de intretinere a automobilelor,CPV,50112000-3
47578,Vehicule de intretinere rutiera,CPV,34144400-2
44452,Gaze naturale,CPV,09123000-7
49165,Covoare,CPV,39531000-3
47986,Echipament de stingere a incendiilor,CPV,35111000-5
52647,Intretinerea resurselor logice de tehnologie a informatiei,CPV,72267100-0
44473,Preparate lubrifiante,CPV,09210000-4
46264,Accesorii informatice,CPV,30237300-2
52417,Servicii de asistenta tehnica,CPV,71356200-0
45888,Echipament de fotocopiere si de tiparire offset,CPV,30120000-6
47213,Sistem de monitorizare a pacientilor,CPV,33195000-3
46929,Accesorii de diagnosticare,CPV,33124130-5
46982,Consumabile medicale nechimice de unica folosinta si consumabile hematologice,CPV,33141000-0
46995,Suturi chirurgicale,CPV,33141121-4
47005,Canule,CPV,33141220-8
46735,Statii radio,CPV,32344230-7
53463,"Servicii de recreere, culturale si sportive",CPV,92000000-1
48856,"Scaune, produse conexe si piese ale acestora",CPV,39110000-6
44238,Flori taiate,CPV,03121200-7
50251,Plasa metalica,CPV,44313000-7
53261,Servicii de reabilitare profesionala,CPV,85312510-7
52666,Servicii de transmisie de date,CPV,72318000-7
47157,Piese si accesorii pentru proteze auditive,CPV,33185100-1
44896,Branzeturi,CPV,15540000-5
44674,Carne de bovine,CPV,15111000-9
49947,Echipament de irigare,CPV,43323000-3
47446,Sticlarie pentru laborator,CPV,33793000-5
44453,Petrol si produse distilate,CPV,09130000-9
50609,Lucrari de constructii de apartamente,CPV,45211341-1
52092,Servicii de telefonie si de transmisie de date,CPV,64210000-1
47136,Stimulator cardiac,CPV,33182210-4
53568,"Alte servicii comunitare, sociale si personale",CPV,98000000-3
49038,Articole de birou,CPV,39263000-3
47378,Creme sau lotiuni parafarmaceutice,CPV,33711540-4
45489,"Dictionare, harti, carti de muzica si alte carti",CPV,22114000-2
51266,"Lucrari de instalare de echipamente de incalzire, de ventilare si de aer conditionat",CPV,45331000-6
51484,Sisteme de operare,CPV,48620000-0
45847,Lubrifianti,CPV,24951100-6
46717,Microfoane si seturi de portavoce,CPV,32342300-5
45018,Dulciuri,CPV,15842300-5
47106,Aparate de endoscopie si de endochirurgie,CPV,33168000-5
51831,Servicii de instalare de echipament de televiziune,CPV,51312000-2
47569,Autovehicule cu utilizare speciala,CPV,34144000-8
47324,Solutii medicamentoase,CPV,33692000-7
45593,Gaze,CPV,24100000-5
50153,Panouri,CPV,44175000-7
51566,Servicii de reparare si de intretinere a autovehiculelor si a echipamentelor conexe,CPV,50110000-9
45336,Incaltaminte de oras,CPV,18813300-4
52640,Servicii de asistenta pentru software,CPV,72261000-2
51214,Lucrari de instalatii pentru cladiri,CPV,45300000-0
51058,Lucrari de constructii de baraje si de structuri fixe similare,CPV,45247200-2
52672,Servicii de internet,CPV,72400000-4
45925,Cartuse de toner,CPV,30125100-2
53030,Servicii de investigatie si de siguranta,CPV,79700000-1
53612,Servicii de menaj,CPV,98341110-9
48773,Echipament de control cu raze X,CPV,38582000-8
49324,Apa potabila,CPV,41110000-3
45278,Berete,CPV,18443310-2
45240,Sosete,CPV,18317000-4
51721,Servicii de reparare si de intretinere a echipamentului medical si chirurgical,CPV,50420000-5
52325,Servicii de inspectare si verificare a constructiilor,CPV,71315400-3
52012,Servicii de agentii de transport,CPV,63520000-0
52184,Servicii de asigurare contra accidentelor,CPV,66512100-3
47145,Proteze ortopedice,CPV,33183200-8
50006,Materiale de constructii si articole conexe,CPV,44100000-1
50938,Lucrari de constructii de drumuri de acces,CPV,45233226-9
47043,Truse de diagnosticare,CPV,33141625-7
46999,Material pentru suturi chirurgicale,CPV,33141125-2
52238,Servicii imobiliare,CPV,70000000-1
44502,Produse derivate din petrol si carbune,CPV,09240000-3
52977,Consultanta in afaceri si in management si servicii conexe,CPV,79400000-8
46560,Echipament de tensiune medie,CPV,31682300-3
50840,Asamblare si instalare de structuri prefabricate,CPV,45223800-4
51649,"Servicii de reparare si de intretinere si servicii conexe pentru computere personale, pentru echipament de birotica, pentru echipament de telecomunicatii si pentru echipament audiovizual",CPV,50300000-8
52641,Servicii de dezvoltare software,CPV,72262000-9
44239,Aranjamente florale,CPV,03121210-0
52607,Servicii de consultanta privind sistemele informatice si servicii de consultanta tehnica,CPV,72220000-3
52774,Servicii de asigurare a ordinii publice,CPV,75242000-4
45878,Diferite produse chimice,CPV,24960000-1
47643,"Piese de schimb mecanice, altele decat motoare si piese de motoare",CPV,34320000-6
47134,Defibrilator,CPV,33182100-0
45032,Cafea,CPV,15861000-1
44242,Boabe de cafea,CPV,03131100-9
45127,Apa minerala,CPV,15981000-8
46895,Sistem de radiodiagnosticare,CPV,33111800-9
51671,Servicii de intretinere a fotocopiatoarelor,CPV,50313200-4
51653,Repararea si intretinerea echipamentului informatic,CPV,50312000-5
52660,Servicii de colectare si de colationare de date,CPV,72314000-9
49287,Produse de curatat si de lustruit,CPV,39800000-0
52101,Servicii GPRS (General Packet Radio Services â€“ Servicii generale de radiocomunicatii in pachete),CPV,64212500-0
44880,Lapte si smantana,CPV,15510000-6
44911,Iaurt,CPV,15551300-8
51565,Servicii de reparare si de intretinere a vehiculelor si a echipamentelor aferente si servicii conexe,CPV,50100000-6
45666,Soda lichida,CPV,24311522-2
51679,Servicii de reparare si de intretinere a perifericelor informatice,CPV,50323000-5
50904,Lucrari sanitare,CPV,45232460-4
50888,Lucrari de constructii de canalizare de ape reziduale,CPV,45232400-6
47786,Aeronave fara pilot,CPV,34711200-6
53610,Servicii de cazare,CPV,98341000-5
44998,Zahar alb,CPV,15831200-4
44993,Paine crocanta,CPV,15821130-9
45045,Otet sau echivalent,CPV,15871110-8
44457,Benzina fara plumb,CPV,09132100-4
50269,Cabluri si produse conexe,CPV,44320000-9
47144,Implanturi ortopedice,CPV,33183100-7
45841,Developatoare pentru radiologie,CPV,24931230-0
51938,Servicii de transport rutier,CPV,60100000-9
53461,Servicii de deratizare,CPV,90923000-3
51741,Servicii de reparare si de intretinere a masinilor,CPV,50530000-9
49949,Echipament pentru piscine,CPV,43324100-1
51650,Repararea si intretinerea masinilor de birou,CPV,50310000-1
45785,Ingrasaminte si compusi azotati,CPV,24400000-8
51755,Servicii de reparare si de intretinere a echipamentului de securitate,CPV,50610000-4
45267,Manusi,CPV,18424000-7
51267,Lucrari de instalare de echipamente de incalzire centrala,CPV,45331100-7
52186,Servicii de asigurare voluntara de sanatate,CPV,66512210-7
45982,"Diverse masini, echipamente si accesorii de birou",CPV,30190000-7
52082,Servicii postale de distribuire a coletelor,CPV,64113000-1
53222,Servicii paramedicale,CPV,85142000-6
44475,Uleiuri pentru motoare,CPV,09211100-2
52438,Servicii de inspectie a utilajelor,CPV,71631100-1
52710,Servicii de cercetare si de dezvoltare si servicii conexe de consultanta,CPV,73000000-2
47357,Produse de ingrijire personala,CPV,33700000-7
46224,Diverse tipuri de echipamente computerizate,CPV,30236000-2
45926,Toner pentru imprimantele laser/faxuri,CPV,30125110-5
46666,Telefoane mobile,CPV,32250000-0
51259,Lucrari de instalare electrica de aparate de distributie,CPV,45317300-5
53163,Formare profesionala si simulare in domeniul armelor de foc si al munitiei,CPV,80620000-6
52415,Servicii tehnice,CPV,71356000-8
45795,Ingrasaminte minerale fosfatice,CPV,24421000-1
49318,Produse pentru spalat vase,CPV,39832000-3
52348,Servicii de proiectare a sistemelor de energie electrica,CPV,71323100-9
49619,Echipamente de refrigerare si de congelare,CPV,42513000-5
50231,Panouri de usi,CPV,44221210-0
45325,Articole de incaltaminte,CPV,18800000-7
52004,"Servicii de agentii de turism, de ghizi turistici si de asistenta turistica",CPV,63500000-4
52945,Servicii de comisionar in vama,CPV,79223000-3
46133,Plicuri cu fereastra imprimate,CPV,30199711-7
45586,Hartie sau carton prelucrate manual,CPV,22992000-0
49790,Piese pentru utilaje de uz general,CPV,42950000-0
51296,Lucrari de tamplarie si de dulgherie,CPV,45420000-7
46137,Carti de vizita,CPV,30199730-6
47443,"Sticlarie pentru laborator, pentru articole de igiena sau pentru industria farmaceutica",CPV,33790000-4
48176,Echipament individual si de sprijin,CPV,35800000-2
45128,Apa minerala plata,CPV,15981100-9
50863,Lucrari auxiliare pentru conducte si cabluri,CPV,45232000-2
46443,Acumulatori cu litiu,CPV,31434000-7
46774,Retea Ethernet,CPV,32415000-5
51761,Servicii de reparare si de intretinere a instalatiilor de constructii,CPV,50700000-2
53634,Alte servicii,CPV,98390000-3
45665,Soda caustica,CPV,24311521-5
50308,Diverse articole,CPV,44423000-1
48802,Videoproiectoare,CPV,38652120-7
48883,Sisteme de arhivare,CPV,39132000-6
46800,Echipament de telecomunicatii,CPV,32500000-8
44996,Zahar si produse conexe,CPV,15830000-5
46577,Electrozi,CPV,31711140-6
44350,Pesti,CPV,03311000-2
47431,Scutece de unica folosinta,CPV,33751000-9
46446,Lampi electrice cu incandescenta,CPV,31510000-4
45670,Clor,CPV,24311900-6
45603,Azot lichid,CPV,24111800-3
50281,Diverse produse fabricate si articole conexe,CPV,44400000-4
44264,Orez,CPV,03211300-6
50013,Vopsele si materiale de acoperire a peretilor,CPV,44111400-5
46315,Racitoare de apa,CPV,31141000-6
47350,"Preparate medicale, cu exceptia consumabilelor pentru stomatologie",CPV,33697000-2
52077,Servicii postale si de telecomunicatii,CPV,64000000-6
48193,"Instrumente muzicale, articole sportive, jocuri, jucarii, obiecte de artizanat, obiecte de arta si accesorii",CPV,37000000-8
46219,Compact-discuri (CD-uri),CPV,30234300-1
47383,Articole de toaleta,CPV,33711640-5
48171,Sistem electronic de informatii,CPV,35721000-4
50503,Vopsele,CPV,44810000-1
50865,Lucrari de irigatie,CPV,45232120-9
48577,Teodolite,CPV,38294000-2
44997,Zahar,CPV,15831000-2
45031,"Cafea, ceai si produse conexe",CPV,15860000-4
48964,Pahare,CPV,39221123-5
51527,Servere de retea,CPV,48821000-9
47653,"Roti, piese si accesorii",CPV,34324000-4
47349,Produse de contrast pentru utilizare in radiologie,CPV,33696800-3
45600,Gaze medicale,CPV,24111500-0
52950,Servicii de realizare de studii,CPV,79311200-9
45401,Materiale textile si articole conexe,CPV,19200000-8
47433,"Hartie igienica, batiste, servete din hartie pentru maini si servete de masa",CPV,33760000-5
44902,"Branza rasa, pulbere, cu mucegai si alte tipuri de branza",CPV,15543000-6
52862,Servicii privind productia agricola,CPV,77110000-4
52132,Utilitati publice,CPV,65000000-3
53459,Servicii de dezinfectie si de dezinsectie,CPV,90921000-9
50039,Materiale pentru acoperis,CPV,44112500-3
44441,Turba,CPV,09112200-9
46927,Sisteme de diagnosticare,CPV,33124110-9
46100,Hartie pentru scris,CPV,30197620-8
44941,Produse cerealiere,CPV,15613300-1
47565,Camioane cu platforma ridicatoare,CPV,34142100-5
51547,Sistem de sonorizare,CPV,48952000-6
51262,Lucrari de izolare termica,CPV,45321000-3
45273,Palarii si articole pentru acoperit capul,CPV,18440000-5
45206,Mantouri,CPV,18210000-4
45197,Imbracaminte speciala de lucru,CPV,18130000-9
45326,"Incaltaminte, alta decat incaltamintea pentru sport sau de protectie",CPV,18810000-0
49197,Epoleti,CPV,39561142-9
50071,Materiale pentru instalatii de apa si canalizare,CPV,44115210-4
53050,Servicii de compozitie,CPV,79822000-2
53057,Servicii de tiparire si de distributie,CPV,79824000-6
46103,Hartie autocopianta sau alte tipuri de hartie copianta,CPV,30197640-4
51683,Servicii de intretinere a sistemelor,CPV,50324100-3
44383,Animale mici,CPV,03325000-3
45412,Curele,CPV,19212510-3
45245,Maiouri,CPV,18318400-5
48051,"Arme, munitii si piese conexe",CPV,35300000-7
51142,Lucrari de acoperire si alte lucrari speciale de constructii,CPV,45260000-7
51632,Servicii de intretinere a instalatiilor de iluminare publica si a semafoarelor,CPV,50232000-0
51581,Servicii de reparare a camioanelor,CPV,50114100-8
46104,Hartie termografica,CPV,30197641-1
46453,Lampi cu ultraviolete,CPV,31515000-9
50505,Vopsea pentru lucrari artistice,CPV,44812000-5
50155,Diverse materiale de constructii,CPV,44190000-8
45049,Mustar,CPV,15871250-1
46478,Panouri cu mesaje permanente,CPV,31523200-0
49210,Aparate de uz casnic,CPV,39700000-9
50626,Lucrari de constructii de complexe sportive,CPV,45212200-8
50743,Lucrari de constructii de cladiri pentru servicii medicale specializate,CPV,45215120-4
44249,Produse de origine animala,CPV,03142000-8
52406,Servicii de cartografie,CPV,71354000-4
52165,Servicii de tratament si de compensare,CPV,66133000-1
50741,Lucrari de constructii de cladiri pentru servicii sanitare,CPV,45215100-8
51992,Servicii de transport anexe si conexe; servicii de agentii de turism,CPV,63000000-9
53072,Servicii de organizare de evenimente culturale,CPV,79952100-3
51163,Lucrari de intretinere de acoperisuri,CPV,45261920-9
45101,Drojdie,CPV,15898000-9
49528,Troliuri cu utilizare subterana,CPV,42412120-4
52962,Servicii de publicitate,CPV,79341000-6
48759,Contoare de energie,CPV,38551000-2
52985,Servicii de consultanta in proiectare,CPV,79415200-8
46868,Cablu de transmitere a datelor cu utilizare speciala,CPV,32581130-9
52673,Servicii de furnizor,CPV,72410000-7
46201,Unitati de hard disk,CPV,30233132-5
44218,Plante furajere,CPV,03114200-5
47669,Pneuri pentru sarcina mica si mare,CPV,34350000-5
44702,Conserve si produse din carne,CPV,15131000-5
44809,Piure concentrat de tomate,CPV,15331427-6
51297,Lucrari de tamplarie,CPV,45421000-4
44394,Crotalii pentru animale,CPV,03340000-6
45799,Produse agrochimice,CPV,24450000-3
45164,Combine agricole,CPV,16340000-0
52978,Servicii de consultanta in afaceri si in gestionare,CPV,79410000-1
45159,Masini de tuns iarba,CPV,16311000-8
45158,Cositoare,CPV,16310000-1
46494,Becuri,CPV,31531000-7
50820,"Lucrari de constructii pentru lucrari publice, altele decat podurile, puturile si pasajele subterane",CPV,45222000-9
45048,Ketchup,CPV,15871230-5
45058,Plante aromatice,CPV,15872300-4
44276,Mazare uscata,CPV,03212213-6
47315,Articole farmaceutice,CPV,33680000-0
46645,Echipament electrotehnic,CPV,31730000-2
46180,Ecrane si console de computere,CPV,30231000-7
48748,Masini si aparate de testare si masurare,CPV,38540000-2
45402,Tesaturi,CPV,19210000-1
50547,"Lucrari de demolare, de pregatire si de degajare a santierului",CPV,45111000-8
52334,Servicii de expertiza,CPV,71319000-7
52429,Servicii de gestionare a constructiilor,CPV,71540000-5
51285,Montare de garduri,CPV,45342000-6
44200,Produse agricole si horticole,CPV,03100000-2
51146,Lucrari la invelitoarea acoperisului,CPV,45261210-9
44521,Materiale radioactive,CPV,09343000-5
51396,Pachete software pentru poarta (gateway),CPV,48219100-7
50754,Constructie de cladiri pentru servicii sociale,CPV,45215200-9
53583,Servicii diverse,CPV,98300000-6
48758,Contoare,CPV,38550000-5
52436,Servicii de inspectie si testare tehnica,CPV,71630000-3
53143,Servicii privind programele de formare,CPV,80521000-2
46181,Terminale informatice,CPV,30231100-8
52698,Servicii de asistenta si de consultanta informatica,CPV,72600000-6
50114,Tevi,CPV,44163100-1
45059,Sare,CPV,15872400-5
50933,Lucrari de marcaj rutier,CPV,45233221-4
46818,Echipament pentru centrale digitale interne,CPV,32546000-2
46876,"Echipament de imagistica de uz medical, dentar si veterinar",CPV,33110000-4
46156,Platforme informatice,CPV,30211300-4
51949,Inchiriere de vehicule de transport de marfuri cu sofer,CPV,60180000-3
45042,Condimente si mirodenii,CPV,15870000-7
51200,Diverse lucrari specializate de constructii,CPV,45262600-7
51362,Lucrari de restaurare,CPV,45454100-5
47232,Insulina,CPV,33615100-5
50951,Instalare de indicatoare rutiere,CPV,45233290-8
47588,Vehicule de compactare a deseurilor menajere,CPV,34144512-0
51840,Servicii de instalare de echipament medical si chirurgical,CPV,51400000-6
45501,Brosuri,CPV,22150000-6
51920,Servicii de gatire a mancarii,CPV,55322000-3
44876,Margarina,CPV,15431100-9
44711,Slanina,CPV,15131220-3
49012,Recipiente,CPV,39226220-0
47869,Containere si pubele de deseuri,CPV,34928480-6
49812,Echipament de birotica,CPV,42964000-1
46445,Aparatura de iluminat si lampi electrice,CPV,31500000-1
47775,"Osii, anvelope si alte piese pentru locomotive sau material feroviar rulant",CPV,34631400-3
48048,Panouri de informare,CPV,35261000-1
49561,Ascensoare,CPV,42416100-6
49311,Produse de curatenie,CPV,39831240-0
50614,Lucrari de constructii de complexe pentru petrecerea timpului liber,CPV,45212100-7
52013,Servicii de agentii de transport de marfuri,CPV,63521000-7
47988,Materiale de stingere a incendiilor,CPV,35111200-7
48034,Sisteme de supraveghere,CPV,35125000-6
46761,Casete video,CPV,32354600-5
50226,Ferestre,CPV,44221100-6
51412,Sistem de gestionare a documentelor,CPV,48311100-2
44970,Furaje uscate,CPV,15712000-2
52965,Servicii de campanii de publicitate,CPV,79341400-0
46456,Lumini de semnalizare,CPV,31518000-0
50126,Racorduri pentru tevi,CPV,44163230-1
50289,"Scaune, capace, vase, cuve si rezervoare pentru closete",CPV,44411700-1
51711,Servicii de reparare si de intretinere a aparatelor de masurare,CPV,50411000-9
46132,Plicuri imprimate,CPV,30199710-0
52506,Servicii de dezvoltare de software pentru editare de text,CPV,72212317-4
53637,Servicii de croitorie,CPV,98393000-4
48959,Ustensile de bucatarie,CPV,39221100-8
44336,Mere,CPV,03222321-9
52859,Servicii de inspectie a conductelor,CPV,76600000-9
46195,Dispozitive de stocare si citire,CPV,30233000-1
53031,Servicii de siguranta,CPV,79710000-4
49778,Cuptoare si accesorii,CPV,42942000-1
45934,Masini de francat,CPV,30131400-0
51730,"Servicii de reparare si de intretinere a pompelor, a vanelor, a robinetelor, a containerelor de metal si a masinilor",CPV,50500000-0
51198,Zidarie de fatada,CPV,45262521-9
50829,Lucrari de structuri metalice,CPV,45223210-1
50317,Placute indicatoare,CPV,44423450-0
44202,Seminte,CPV,03111000-2
48932,Standuri de expozitie,CPV,39154100-7
49104,Lenjerie de pat,CPV,39512000-4
51833,Servicii de instalare de echipament video,CPV,51314000-6
45251,Tricouri si camasi,CPV,18330000-1
50750,Lucrari de constructii de sali de radioscopie,CPV,45215145-5
51522,Sistem de administrare a pacientilor,CPV,48814200-9
44258,Cereale si cartofi,CPV,03210000-6
53585,Servicii de colectare de rufe pentru spalat,CPV,98311000-6
51782,Servicii de reparare si de intretinere a echipamentului pentru terenurile de joaca,CPV,50870000-4
47057,Consumabile dentare,CPV,33141800-8
52010,Servicii de turism,CPV,63515000-2
53211,Servicii de practica dentara si servicii conexe,CPV,85130000-9
44201,"Produse agricole, produse horticole si de gradina pentru comercializare",CPV,03110000-5
51303,Instalare de usi si ferestre,CPV,45421130-4
46238,Piese pentru computere,CPV,30237100-0
46261,Accesorii de alimentare,CPV,30237280-5
46366,Comutatoare,CPV,31214000-9
48786,Instrumente optice specializate,CPV,38636000-2
49134,Lenjerie de spital,CPV,39518000-6
53069,"Servicii de organizare de expozitii, de targuri si de congrese",CPV,79950000-8
51936,Servicii de vanzare cu amanuntul,CPV,55900000-9
46301,Generatoare electrice,CPV,31122000-7
47342,Reactivi pentru determinarea grupelor sanguine,CPV,33696100-6
46848,Interfoane,CPV,32552600-3
53137,Servicii de formare,CPV,80500000-9
45182,Utilaje apicole,CPV,16640000-3
49219,Congelatoare industriale,CPV,39711124-4
46719,Echipament de sonorizare,CPV,32342410-9
51326,Lucrari de montare de acoperitoare de podea si de pereti si lucrari de tapetare,CPV,45432000-4
53456,Servicii de curatare a birourilor,CPV,90919200-4
44725,Preparate pe baza de carne,CPV,15131700-2
50597,Lucrari de sondaj si de foraj de recunoastere,CPV,45120000-4
52716,Servicii de consultanta in cercetare si in dezvoltare,CPV,73200000-4
49193,Ecusoane textile,CPV,39561132-6
45277,Articole pentru acoperit capul,CPV,18443300-9
46198,Unitati de memorie cu banda magnetica,CPV,30233120-8
44973,"Produse de panificatie, produse de patiserie si de cofetarie proaspete",CPV,15810000-9
52681,Servicii de dezvoltare de internet,CPV,72420000-0
44974,Produse de panificatie,CPV,15811000-6
49246,Masini de spalat rufe si masini de uscat rufe,CPV,39713200-5
53468,"Productie de filme si de casete video publicitare, de propaganda si de informare",CPV,92111200-4
48957,"Echipament de bucatarie, articole de menaj si de uz casnic si articole de catering",CPV,39220000-0
51935,Servicii de catering pentru scoli,CPV,55524000-9
45594,Gaze industriale,CPV,24110000-8
48197,Piane,CPV,37311100-2
47525,Vehicule cu utilizare speciala,CPV,34114000-9
47353,Produse pentru uz clinic,CPV,33698000-9
46572,Componente electronice,CPV,31711100-4
53542,Servicii de agentii de presa,CPV,92400000-5
45595,"Hidrogen, argon, gaze rare, azot si oxigen",CPV,24111000-5
46165,Unitati centrale de procesare pentru computere personale,CPV,30213400-9
50906,"Lucrari de constructii, de fundatie si de imbracare a autostrazilor si a drumurilor",CPV,45233000-9
47545,Autovehicule pentru transportul de marfuri,CPV,34130000-7
45488,Carti de biblioteca,CPV,22113000-5
48714,Microscoape cu sonda de scanare,CPV,38514200-3
52424,Servicii privind constructiile,CPV,71500000-3
52888,Amenajare si intretinere de spatii verzi,CPV,77310000-6
52639,Servicii de software,CPV,72260000-5
46172,Scanere informatice,CPV,30216110-0
52422,Servicii de arhitectura peisagistica,CPV,71420000-8
51660,Repararea si intretinerea echipamentului de retea de date,CPV,50312300-8
52668,Servicii de baze de date,CPV,72320000-4
53236,Servicii farmaceutice,CPV,85149000-5
48933,Mobilier de biblioteca,CPV,39155000-3
44692,Carne de cal,CPV,15118100-9
53265,Servicii de sanatate comunitara,CPV,85323000-9
53319,Servicii privind deseurile medicale,CPV,90524000-6
45232,Articole de imbracaminte,CPV,18300000-2
45253,Camasi,CPV,18332000-5
44790,"Fasole, mazare, ardei, tomate si alte legume",CPV,15331130-7
46712,Microfoane si difuzoare,CPV,32340000-8
47217,Mijloace auxiliare medicale,CPV,33196000-0
52961,Servicii de publicitate si de comercializare,CPV,79340000-9
46937,Instrumente si dispozitive dentare si de subspecialitate,CPV,33130000-0
47165,"Aparate de sterilizare, de dezinfectare si de igienizare",CPV,33191000-5
45081,Preparate alimentare,CPV,15893100-5
49113,Servetele de masa,CPV,39513200-3
45037,Ceai verde,CPV,15863100-6
47133,Aparate de suport cardiac,CPV,33182000-9
53332,Servicii de deszapezire,CPV,90620000-9
46550,Componente electrice,CPV,31681400-7
46546,Accesorii electrice,CPV,31681000-3
44447,Propan si butan,CPV,09122000-0
51635,Servicii de intretinere a semafoarelor,CPV,50232200-2
45190,Piese pentru utilaje agricole,CPV,16810000-6
52286,"Pregatire de proiecte si proiectare, estimare a costurilor",CPV,71242000-6
53441,"Servicii de curatare a locuintelor, a constructiilor si a ferestrelor",CPV,90911000-6
52482,"Servicii de dezvoltare de software pentru retele, internet si intranet",CPV,72212200-1
52111,Servicii de telefonie IP,CPV,64215000-6
52035,Servicii de monitorizare a traficului,CPV,63712710-3
51217,Lucrari de cablare electrica,CPV,45311100-1
51046,Lucrari de protectie a malurilor,CPV,45246200-5
51944,Transport postal rutier,CPV,60160000-7
46272,CD-ROM,CPV,30237380-6
52421,Servicii de urbanism,CPV,71410000-5
51404,Pachete software pentru internet si intranet,CPV,48220000-6
44712,Salam,CPV,15131230-6
52407,Servicii de cartografie digitala,CPV,71354100-5
47424,Produse de curatare a mainilor,CPV,33741100-7
47434,Hartie igienica,CPV,33761000-2
52453,Servicii de monitorizare si de control,CPV,71700000-5
44897,Branza de masa,CPV,15541000-2
44267,Ovaz,CPV,03211600-9
53104,Servicii de arhivare,CPV,79995100-6
47524,Vehicule de teren,CPV,34113300-5
44448,Propan,CPV,09122100-1
46289,Generatoare,CPV,31120000-3
44849,Fructe uscate,CPV,15332410-1
44306,Varza alba,CPV,03221410-3
50868,Lucrari de constructii de conducte de incalzire urbana,CPV,45232140-5
46527,Masini si aparate cu utilizare specifica,CPV,31640000-4
48905,Mobilier pentru dormitor,CPV,39143100-7
47996,Echipament de salvare si de urgenta,CPV,35112000-2
44296,Tomate,CPV,03221240-0
51699,Servicii de intretinere a sistemelor de comunicatii,CPV,50334400-9
52701,Servicii de retele informatice,CPV,72700000-7
53339,Servicii de dezinfectare si dezinfestare in mediu urban sau rural,CPV,90670000-4
51948,Inchiriere de autobuze si de autocare cu sofer,CPV,60172000-4
45373,Saci si saculete,CPV,18930000-7
51279,Lucrari de instalare de echipamente sanitare,CPV,45332400-7
46405,Terminale,CPV,31224500-7
50070,Materiale pentru instalatii de apa si canalizare si materiale de incalzire,CPV,44115200-1
46967,Ace dentare de sutura,CPV,33131200-9
51724,Servicii de reparare si de intretinere a echipamentului radiologic,CPV,50421200-4
53237,Servicii de imagistica medicala,CPV,85150000-5
45239,Ciorapi cu chilot,CPV,18316000-7
44282,Sfecla,CPV,03221111-7
47170,Paturi ortopedice,CPV,33192110-6
53323,"Servicii de colectare, de transport si de eliminare a deseurilor spitalicesti",CPV,90524400-0
51750,Servicii de reparare si de intretinere a motoarelor electrice,CPV,50532100-4
51633,Servicii de intretinere a iluminatului public,CPV,50232100-1
50718,Lucrari de constructii de gradinite,CPV,45214100-1
53138,Servicii de formare specializata,CPV,80510000-2
46571,Accesorii electronice,CPV,31711000-3
48189,Veste antiglont,CPV,35815100-1
47603,"Caroserii, remorci sau semiremorci pentru vehicule",CPV,34200000-9
49605,Echipamente de racire si de ventilare,CPV,42500000-1
46987,Bandaje,CPV,33141113-4
44967,Furaje,CPV,15700000-5
49245,Masini de spalat vase,CPV,39713100-4
49213,Frigidere si congelatoare,CPV,39711100-0
44386,Produse de animale de ferma,CPV,03330000-3
52466,Servicii de programare a pachetelor de produse software,CPV,72210000-0
45527,Imprimate nefalsificabile,CPV,22450000-9
51009,Lucrari de reparare a terenurilor de sport,CPV,45236119-7
47093,Aparate medicale cu infrarosii,CPV,33158500-7
45263,Accesorii vestimentare,CPV,18420000-9
53541,Servicii prestate de tehnicieni audio,CPV,92370000-5
50600,Lucrari de constructii complete sau partiale si lucrari publice,CPV,45200000-9
52636,Servicii de asistenta pentru sisteme,CPV,72253200-5
50460,Containere pentru deseuri,CPV,44613800-8
51283,"Lucrari de instalare de garduri, de balustrade si de dispozitive de siguranta",CPV,45340000-2
51148,Lucrari de acoperire cu placi de ardezie,CPV,45261212-3
45674,Cloruri,CPV,24312120-1
50857,Lucrari auxiliare pentru distribuirea gazului,CPV,45231223-4
51256,Alte lucrari de instalare electrica,CPV,45317000-2
51280,Lucrari de instalare de gaz,CPV,45333000-0
46824,Centrale telefonice,CPV,32551200-2
51246,Lucrari de instalare de sisteme de iluminare si de semnalizare,CPV,45316000-5
46852,Cabluri cu fibre optice,CPV,32562000-0
50890,Lucrari de constructii de canalizari de ape reziduale,CPV,45232411-6
46733,Echipament radio,CPV,32344210-1
45584,"Hartie pentru utilizare grafica, hartie nestratificata si neimpermeabilizata",CPV,22990000-6
51143,Lucrari de sarpanta si de invelitori si lucrari conexe,CPV,45261000-4
47010,Ace medicale,CPV,33141320-9
44516,Module solare fotovoltaice,CPV,09331200-0
49186,Diverse articole textile,CPV,39560000-5
47621,Remorci-cisterna,CPV,34223340-1
50643,Lucrari de constructii de muzee,CPV,45212313-3
48831,Diverse instrumente de evaluare si de testare,CPV,38900000-4
44418,Produse de silvicultura,CPV,03440000-6
46290,Grupuri electrogene,CPV,31121000-0
44524,Nisip si argila,CPV,14200000-3
49516,Incineratoare de deseuri,CPV,42320000-5
46838,Centrale telefonice digitale,CPV,32552310-3
47617,Remorci,CPV,34223300-9
47678,Accesorii pentru tractoare,CPV,34390000-7
51382,"Pachete software pentru retele, internet si intranet",CPV,48200000-0
51265,Lucrari de instalatii de apa,CPV,45330000-9
45534,Permise,CPV,22456000-1
49260,Dispozitive de incalzire a apei si incalzire centrala; echipament pentru instalatii de apa si canalizare,CPV,39715000-7
53517,Servicii prestate de sculptori,CPV,92312230-2
45945,Masini de calcul si de contabilitate,CPV,30140000-2
50922,Lucrari de drumuri,CPV,45233140-2
47769,Vagoane de bagaje si vagoane speciale,CPV,34622500-8
52154,Servicii de acordare de credit,CPV,66113000-5
47152,Proteze mamare interne,CPV,33184410-0
48884,Dulapuri de arhivare,CPV,39132100-7
49913,"Utilaje pentru terasamente, utilaje de excavare si piese ale acestora",CPV,43200000-5
45382,Saci de ambalaj,CPV,18937000-6
53242,Servicii veterinare,CPV,85200000-1
47532,Vehicule pentru transportul detinutilor,CPV,34114210-4
50794,Lucrari de constructii de pasarele pentru pietoni,CPV,45221113-7
47538,Autovehicule pentru transportul a 10 sau mai multe persoane,CPV,34120000-4
47564,Camioane macara si autobasculante,CPV,34142000-4
44431,Combustibili solizi,CPV,09110000-3
48003,"Echipament de protectie impotriva agentilor nucleari, biologici, chimici si radiologici",CPV,35113200-1
51275,Lucrari de instalare de echipament frigorific,CPV,45331231-4
44785,Fructe si legume transformate,CPV,15330000-0
51521,Sistem de informare in domeniul asistentei medicale,CPV,48814100-8
47130,Consumabile de uz renal,CPV,33181500-7
48071,Munitie pentru arme de foc si de razboi,CPV,35331000-3
51452,Pachete software de management al relatiilor cu clientii,CPV,48445000-9
49091,Echipament de bucatarie industriala,CPV,39314000-6
50846,"Lucrari de constructii de conducte, de linii de comunicatii si electrice",CPV,45231000-5
50461,Butoaie din metal,CPV,44614000-7
49257,Hote de ventilare sau de reciclare,CPV,39714000-0
49244,Aparate electrice de uz casnic pentru curatat; fiare de calcat,CPV,39713000-3
46303,Generator cu turbina de aburi si aparate conexe,CPV,31124000-1
47224,Imbracaminte pentru personalul medical,CPV,33199000-1
53111,Servicii de scanare,CPV,79999100-4
49915,Buldozere,CPV,43211000-5
46689,Televizoare color,CPV,32324100-1
48916,Noptiere,CPV,39143123-4
46657,Aparate de emisie radio cu aparate de receptie,CPV,32230000-4
48878,Dulapuri,CPV,39122100-4
47171,Paturi de spital,CPV,33192120-9
51216,Lucrari de cablare si conexiuni electrice,CPV,45311000-0
48000,Echipament de siguranta,CPV,35113000-9
44288,Fasole,CPV,03221210-1
44269,Produse pe baza de cereale,CPV,03211900-2
49087,Echipament pentru pregatirea mancarii,CPV,39312000-2
48771,"Echipamente radiologice, altele decat cele medicale",CPV,38580000-4
53330,Servicii de curatenie stradala,CPV,90611000-3
47147,Proteze,CPV,33184000-3
46659,Echipament pentru videoconferinte,CPV,32232000-8
50548,Lucrari de demolare,CPV,45111100-9
51320,Lucrari de dulgherie,CPV,45422000-1
45233,Lenjerie de corp,CPV,18310000-5
53328,Servicii de curatenie si igienizare in mediu urban sau rural si servicii conexe,CPV,90600000-3
53120,Servicii de invatamant superior,CPV,80300000-7
44726,Peste preparat si conserve de peste,CPV,15200000-0
46106,Hartie pentru fotocopiatoare,CPV,30197643-5
48784,Microscoape optice,CPV,38634000-8
44927,Faina de panificatie,CPV,15612120-8
50849,Lucrari de demontare si de inlocuire a conductelor,CPV,45231111-6
48701,Aparate de control si de testare,CPV,38500000-0
49272,"Aparate de uz casnic, altele decat cele electrice",CPV,39720000-5
46650,Echipament de radiodifuziune si televiziune,CPV,32210000-8
47968,Semafoare,CPV,34996100-6
44741,Peste in conserva sau cutie si alte tipuri de peste preparat sau in conserva,CPV,15240000-2
44438,Combustibili pe baza de lemn,CPV,09111400-4
45552,Cerneala tipografica,CPV,22610000-9
44563,Produse conexe de exploatare miniera si in cariera,CPV,14500000-6
51456,Pachete software analitice sau stiintifice,CPV,48461000-7
46223,Benzi magnetice,CPV,30234700-5
48897,Mobilier si echipament de bucatarie,CPV,39141000-2
48195,Instrumente muzicale,CPV,37310000-4
47041,Truse de prim ajutor,CPV,33141623-3
53266,"Servicii de evacuare a apelor reziduale, de eliminare a deseurilor, de igienizare si servicii privind mediul",CPV,90000000-7
47995,Spuma pentru stingerea incendiilor sau compusi similari,CPV,35111520-6
44982,Produse de patiserie si de cofetarie,CPV,15812000-3
46669,Telefoane GSM,CPV,32252000-4
51325,Lucrari de imbracare cu dale a peretilor,CPV,45431200-9
45338,Cizme,CPV,18815000-5
45002,Miere,CPV,15831600-8
44894,Smantana pentru frisca,CPV,15512900-9
51563,Pachete software pentru foi de calcul,CPV,48991000-1
53439,Servicii de curatenie si igienizare,CPV,90900000-6
47551,Camioane cu platforma si camioane basculante,CPV,34134000-5
46487,Iluminat exterior,CPV,31527200-8
46250,Accesorii pentru computere,CPV,30237200-1
46439,Acumulatori electrici,CPV,31430000-9
51950,Inchiriere de camioane cu sofer,CPV,60181000-0
51967,Servicii aeriene si servicii conexe,CPV,60440000-4
45471,Saci si pungi din polietilena pentru deseuri,CPV,19640000-4
47521,Vehicule cu 4 roti motoare,CPV,34113000-2
50639,Lucrari de constructii de cladiri destinate activitatilor artistice si culturale,CPV,45212300-9
53288,Servicii de tratare si eliminare de deseuri menajere si deseuri nepericuloase,CPV,90513000-6
50854,Lucrari de constructii de gazoducte,CPV,45231220-3
50942,"Lucrari de imbracare, altele decat pentru drumuri",CPV,45233250-6
46759,Pelicula cu developare instantanee,CPV,32354400-3
49363,Pompe,CPV,42122000-0
44995,Biscuiti dulci,CPV,15821200-1
50169,Constructii modulare prefabricate,CPV,44211100-3
52517,Servicii de dezvoltare de software de planificare si productivitate,CPV,72212330-1
49928,Excavatoare mecanice,CPV,43262100-8
53502,Servicii de divertisment,CPV,92300000-4
45019,Bomboane,CPV,15842310-8
48628,Aparate de estimare a structurilor,CPV,38425400-4
50163,Alte materiale de constructii diverse,CPV,44192000-2
52581,Servicii de dezvoltare de software pentru managementul sistemelor,CPV,72212781-7
53588,Servicii de curatare a materialelor textile,CPV,98312000-3
50031,Linoleum,CPV,44112230-9
45858,Grasimi si uleiuri modificate chimic,CPV,24951400-9
45385,Genti de mana,CPV,18939000-0
45332,Slapi,CPV,18812400-8
51857,Servicii de instalare de sisteme speciale de transport,CPV,51511400-1
52674,Furnizori de servicii de internet (ISP),CPV,72411000-4
52925,Servicii de certificare,CPV,79132000-8
52693,Servicii de actualizare informatica,CPV,72540000-2
51676,Servicii de reparare si de intretinere a computerelor personale,CPV,50320000-4
46486,Spoturi,CPV,31527000-6
51343,Lucrari de vopsire a constructiilor,CPV,45442110-1
51763,Servicii de reparare si de intretinere a instalatiilor electrice de constructii,CPV,50711000-2
50740,"Lucrari de constructii de cladiri pentru servicii sociale si sanitare, de crematorii si de toalete publice",CPV,45215000-7
47056,"Proteze pentru fracturi, stifturi si placi",CPV,33141770-8
44910,Iaurt si alte produse lactate fermentate,CPV,15551000-5
48086,Piese pentru lansatoare de rachete,CPV,35342000-3
53005,Servicii de interpretariat,CPV,79540000-1
52106,Servicii de retele telefonice comerciale partajate,CPV,64213000-2
51729,Servicii de calibrare,CPV,50433000-9
53002,Servicii de reprografie,CPV,79520000-5
47220,Echipament medical computerizat,CPV,33197000-7
53027,Servicii de perfectionare a personalului,CPV,79633000-0
52301,Servicii de inginerie rutiera,CPV,71311220-9
46763,Pelicula retractabila,CPV,32354800-7
46433,"Acumulatori, pile galvanice si baterii primare",CPV,31400000-0
46685,Echipament video,CPV,32323300-6
47600,Simulatoare,CPV,34150000-3
49750,Cantare,CPV,42923200-4
46688,Televizoare,CPV,32324000-0
50685,Lucrari de constructii de cladiri agricole,CPV,45213240-7
45497,Publicatii,CPV,22120000-7
46481,Aparate de iluminat fixabile pe tavan,CPV,31524100-6
52218,Servicii de societati de asigurari,CPV,66518200-6
49930,Utilaje pentru lucrari publice,CPV,43310000-9
50869,Instalatii de incalzire,CPV,45232141-2
45845,Produse chimice speciale,CPV,24950000-8
48005,Instalatii de siguranta,CPV,35113300-2
52206,Servicii de asigurare de raspundere civila,CPV,66516000-0
46186,Echipament periferic,CPV,30232000-4
46404,Cabluri de conectare,CPV,31224400-6
51137,Reparare si intretinere a echipamentelor,CPV,45259000-7
50791,Lucrari de constructii de poduri,CPV,45221110-6
52468,Servicii de programare de software de aplicatie,CPV,72212000-4
